time,open,high,close,low,volumeto,reddit_active_users,reddit_posts_per_hour,posts,total_page_views,predict,extra_predict
2022-03-13 02:00:00,375.11,376.54,375.8,374.89,789144.79,2543,3.36,151016,64060022,2,
2022-03-13 03:00:00,375.8,376.42,376.18,375.63,549708.54,2543,3.34,151016,64060227,2,
2022-03-13 04:00:00,376.18,377.25,375.38,375.38,702167.28,2543,3.23,151016,64060468,2,
2022-03-13 05:00:00,375.38,375.83,375.43,375.09,502447.37,2543,3.13,151016,64060686,2,
2022-03-13 06:00:00,375.43,375.65,375.55,374.76,799467.14,2543,3.04,151017,64060912,2,
2022-03-13 07:00:00,375.55,375.91,374.72,374.43,645404.89,2543,2.94,151017,64061172,2,
2022-03-13 08:00:00,374.72,374.87,372.11,372.05,1163919.04,2543,2.94,151018,64061522,2,
2022-03-13 09:00:00,372.11,372.56,371.4,370.83,817676.03,2543,2.82,151020,64061876,2,
2022-03-13 10:00:00,371.4,372.24,372.18,371.17,617566.84,2543,2.75,151022,64062249,2,
2022-03-13 11:00:00,372.18,373.2,371.07,370.4,1103121.26,2543,2.68,151026,64062680,2,2.0
2022-03-13 12:00:00,371.07,371.76,368.8,368.34,1440634.88,2543,2.66,151029,64063049,2,2.0
2022-03-13 13:00:00,368.8,372.84,371.3,368.35,1698440.89,2543,2.7,151031,64063498,2,2.0
2022-03-13 14:00:00,371.35,372.5,371.21,371.21,2426084.69,2543,2.87,151033,64063986,0,0.0
2022-03-13 15:00:00,370.98,372.79,371.15,370.89,1253713.56,2543,2.99,151036,64064407,2,2.0
2022-03-13 16:00:00,371.15,372.23,371.9,370.78,627309.12,2543,3.27,151038,64064828,2,2.0
2022-03-13 17:00:00,371.9,372.63,372.12,371.08,786645.05,2543,3.26,151039,64065229,0,0.0
2022-03-13 18:00:00,372.13,373.91,373.32,372.39,2977990.41,2543,3.43,151040,64065643,2,2.0
2022-03-13 19:00:00,373.27,373.72,371.25,371.25,783814.27,2543,3.54,151040,64066049,1,1.0
2022-03-13 20:00:00,371.25,371.33,369.89,369.45,1715060.52,2543,3.43,151042,64066463,2,2.0
2022-03-13 21:00:00,369.89,371.19,370.71,369.19,692580.14,2543,3.46,151044,64066987,2,2.0
2022-03-13 22:00:00,370.71,371.34,362.33,361.77,2548525.64,2543,3.47,151045,64067377,2,1.0
2022-03-13 23:00:00,362.33,363.02,361.36,360.09,4055676.4,2543,3.52,151045,64067889,2,2.0
2022-03-14 00:00:00,361.36,362.86,362.61,359.52,3311847.73,2543,3.47,151046,64068319,2,2.0
2022-03-14 01:00:00,362.61,365.04,363.92,362.31,2643968.99,2543,3.61,151046,64068654,0,0.0
2022-03-14 02:00:00,363.92,364.95,364.12,363.21,1287773.92,2543,3.32,151046,64068950,0,0.0
2022-03-14 03:00:00,364.12,365.2,365.03,363.0,1191056.76,2543,3.37,151046,64069211,0,0.0
2022-03-14 04:00:00,365.03,371.79,368.77,364.86,3933307.9,2543,3.37,151047,64069446,0,0.0
2022-03-14 05:00:00,368.77,369.19,367.79,367.31,1414628.05,2543,3.45,151047,64069795,2,2.0
2022-03-14 06:00:00,367.79,369.5,368.13,367.57,1733863.42,2543,3.45,151048,64070164,2,2.0
2022-03-14 07:00:00,368.13,370.4,369.62,368.03,1642343.58,2543,3.45,151051,64070550,2,2.0
2022-03-14 08:00:00,369.62,371.02,370.21,369.39,1347827.19,2543,4.21,151051,64071007,2,2.0
2022-03-14 09:00:00,370.21,371.48,370.09,369.67,1357430.64,2543,4.21,151055,64071504,2,2.0
2022-03-14 10:00:00,370.09,370.72,369.72,368.95,906663.07,2543,4.71,151056,64072031,1,1.0
2022-03-14 11:00:00,369.72,369.93,368.4,368.19,910841.38,2543,4.52,151059,64072495,2,2.0
2022-03-14 12:00:00,368.4,369.08,367.86,366.73,1680971.05,2543,4.38,151060,64072951,2,2.0
2022-03-14 13:00:00,367.86,369.88,368.7,366.78,1790032.89,2543,4.37,151062,64073459,2,2.0
2022-03-14 14:00:00,368.7,369.7,369.29,367.35,2544473.49,2543,4.31,151066,64074007,2,2.0
2022-03-14 15:00:00,369.29,370.29,368.17,367.3,1170572.27,2543,4.58,151068,64074585,2,1.0
2022-03-14 16:00:00,368.17,368.92,367.32,367.26,885762.92,2543,4.71,151072,64075140,2,2.0
2022-03-14 17:00:00,367.32,367.32,366.15,364.87,1987896.28,2543,4.68,151074,64075675,2,2.0
2022-03-14 18:00:00,366.15,366.27,365.34,363.62,1741569.86,2543,4.63,151075,64076215,2,2.0
2022-03-14 19:00:00,365.34,366.03,365.89,364.61,1237138.49,2543,4.6,151076,64076750,2,2.0
2022-03-14 20:00:00,365.89,366.68,365.19,364.92,1200813.72,2543,4.4,151078,64077236,0,0.0
2022-03-14 21:00:00,365.02,366.51,366.32,364.88,1321705.56,2543,4.43,151077,64077714,2,2.0
2022-03-14 22:00:00,366.32,373.67,370.98,367.9,4927608.26,2543,4.63,151078,64078149,0,0.0
2022-03-14 23:00:00,369.69,374.08,373.49,369.69,1813311.32,2543,4.63,151080,64078682,0,0.0
2022-03-15 00:00:00,373.49,374.85,373.0,371.88,2021806.12,2543,4.63,151080,64079153,2,2.0
2022-03-15 01:00:00,373.0,373.25,368.3,368.0,1779798.14,2543,4.34,151081,64079469,1,1.0
2022-03-15 02:00:00,368.3,369.91,368.85,368.09,1546952.21,2543,4.23,151081,64079830,2,2.0
2022-03-15 03:00:00,368.85,369.6,367.19,366.51,1491289.35,2543,4.32,151081,64080084,2,2.0
2022-03-15 04:00:00,367.19,367.7,367.11,366.66,705843.3,2543,4.17,151081,64080335,2,2.0
2022-03-15 05:00:00,367.11,367.11,366.59,365.87,897495.11,2543,4.32,151081,64080572,2,2.0
2022-03-15 06:00:00,366.59,367.95,366.53,366.1,945880.65,2543,4.38,151081,64080860,2,2.0
2022-03-15 07:00:00,366.53,366.53,364.18,361.9,2291709.27,2543,4.49,151082,64081222,2,2.0
2022-03-15 08:00:00,364.18,364.18,363.57,362.66,1965112.05,2543,4.18,151084,64081695,2,2.0
2022-03-15 09:00:00,363.57,364.91,364.4,362.23,1525290.08,2543,4.12,151085,64082143,2,2.0
2022-03-15 10:00:00,364.4,365.88,365.52,364.4,1454722.07,2543,4.17,151085,64082601,2,0.0
2022-03-15 11:00:00,365.52,366.29,365.3,364.64,1246146.86,2543,3.94,151086,64083050,2,2.0
2022-03-15 12:00:00,365.3,367.11,367.11,364.81,1659976.14,2543,3.93,151089,64083498,2,2.0
2022-03-15 13:00:00,367.11,367.17,365.64,363.57,2910660.07,2543,4.11,151090,64083980,2,2.0
2022-03-15 14:00:00,365.64,369.21,368.45,365.37,3521613.09,2543,4.16,151090,64084465,2,2.0
2022-03-15 15:00:00,368.45,370.64,368.81,368.05,1882375.37,2543,4.01,151092,64084983,2,2.0
2022-03-15 16:00:00,368.81,372.6,370.68,367.89,1957767.36,2543,4.08,151097,64085508,2,2.0
2022-03-15 17:00:00,370.68,371.29,370.91,369.41,1536606.36,2543,4.03,151101,64086013,2,2.0
2022-03-15 18:00:00,370.91,372.9,372.48,370.35,2048467.76,2543,4.03,151103,64086524,2,2.0
2022-03-15 19:00:00,372.48,374.41,373.51,372.26,2827117.26,2543,4.03,151104,64087058,2,2.0
2022-03-15 20:00:00,373.51,374.83,371.63,371.36,1924434.37,2543,3.79,151104,64087777,1,1.0
2022-03-15 21:00:00,371.63,373.28,373.17,370.89,1046403.2,2543,3.76,151105,64088317,2,2.0
2022-03-15 22:00:00,373.17,374.46,372.19,371.52,1820701.58,2543,3.69,151107,64088808,2,2.0
2022-03-15 23:00:00,372.19,373.7,371.76,370.05,3216006.35,2543,3.69,151076,64089252,2,2.0
2022-03-16 00:00:00,371.76,372.92,371.17,370.78,1659244.17,2543,3.7,151076,64089606,2,2.0
2022-03-16 01:00:00,371.17,375.37,374.4,370.54,2985691.8,2543,3.7,151076,64089880,2,2.0
2022-03-16 02:00:00,374.4,383.41,379.45,374.27,6007555.36,2543,3.73,151076,64090139,0,0.0
2022-03-16 03:00:00,379.45,379.86,370.77,369.62,5493935.59,2543,4.39,151077,64090693,1,1.0
2022-03-16 04:00:00,370.77,370.8,368.86,367.98,2019850.66,2543,4.49,151078,64091157,2,2.0
2022-03-16 05:00:00,368.86,370.8,370.2,368.21,1593332.79,2543,4.3,151078,64091522,2,2.0
2022-03-16 06:00:00,370.2,373.42,373.3,370.03,1972818.21,2543,4.12,151080,64091922,2,0.0
2022-03-16 07:00:00,373.3,373.3,372.38,371.34,1134358.5,2543,4.06,151081,64092378,2,0.0
2022-03-16 08:00:00,372.38,377.94,377.43,372.36,3365263.74,2543,3.81,151081,64092790,2,2.0
2022-03-16 09:00:00,377.43,379.72,378.02,376.75,2114200.89,2543,3.88,151081,64093354,2,0.0
2022-03-16 10:00:00,378.02,379.37,377.18,376.35,1368548.56,2543,3.88,151082,64093990,2,2.0
2022-03-16 11:00:00,377.18,379.16,377.64,376.53,1302670.47,2543,4.0,151082,64094583,2,2.0
2022-03-16 12:00:00,377.64,378.57,376.06,375.99,1280180.17,2543,4.07,151082,64095128,2,2.0
2022-03-16 13:00:00,376.06,377.56,377.2,375.16,2000688.65,2543,4.14,151082,64095715,2,2.0
2022-03-16 14:00:00,377.2,381.33,379.44,376.52,2374003.22,2543,4.14,151083,64096282,2,2.0
2022-03-16 15:00:00,379.44,380.03,378.54,378.08,1334772.75,2543,3.96,151089,64096971,2,2.0
2022-03-16 16:00:00,378.54,379.88,376.72,375.29,2884863.94,2543,3.81,151091,64097582,1,1.0
2022-03-16 17:00:00,376.72,379.0,377.67,375.46,1854503.68,2543,3.9,151091,64098177,2,2.0
2022-03-16 18:00:00,377.67,377.96,376.42,372.06,3731477.52,2543,3.92,151091,64098795,2,2.0
2022-03-16 19:00:00,376.42,384.04,383.51,375.78,3829621.44,2543,3.92,151092,64099573,2,2.0
2022-03-16 20:00:00,383.51,386.44,386.02,382.94,2632190.65,2543,4.15,151096,64100313,0,0.0
2022-03-16 21:00:00,386.02,386.85,384.77,384.17,1318633.61,2543,4.25,151099,64101128,2,2.0
2022-03-16 22:00:00,384.77,385.13,383.21,383.02,1468044.88,2543,4.58,151102,64101763,2,2.0
2022-03-16 23:00:00,383.21,386.12,385.68,382.59,1686926.39,2543,4.6,151102,64102237,2,2.0
2022-03-17 00:00:00,385.68,386.63,384.29,383.05,2380115.53,2543,4.58,151102,64102634,2,2.0
2022-03-17 01:00:00,384.29,385.78,384.87,381.9,1471790.47,2543,4.38,151102,64102958,2,1.0
2022-03-17 02:00:00,384.87,384.61,384.28,383.46,2388080.85,2543,4.33,151102,64103243,2,2.0
2022-03-17 03:00:00,384.24,384.25,383.59,383.16,1227590.64,2543,4.18,151102,64103565,2,2.0
2022-03-17 04:00:00,383.56,387.69,387.36,386.33,1677211.07,2543,4.24,151102,64103813,2,2.0
2022-03-17 05:00:00,387.16,388.79,386.2,386.09,2326591.2,2543,4.59,151104,64104118,2,2.0
2022-03-17 06:00:00,386.2,387.42,385.49,383.94,1541220.41,2543,4.54,151105,64104491,2,2.0
2022-03-17 07:00:00,385.49,385.9,384.88,383.82,2966608.18,2543,4.57,151107,64104922,2,2.0
2022-03-17 08:00:00,384.79,385.42,385.1,384.35,799652.84,2543,4.78,151107,64105340,2,2.0
2022-03-17 09:00:00,385.1,385.96,385.54,384.34,1141336.4,2543,4.54,151111,64105780,2,2.0
2022-03-17 10:00:00,385.54,385.54,384.73,383.0,1820763.68,2543,4.64,151111,64106214,1,1.0
2022-03-17 11:00:00,384.73,385.24,384.99,383.6,1233752.85,2543,5.17,151113,64106684,2,2.0
2022-03-17 12:00:00,384.99,393.77,391.45,384.8,4950737.81,2543,5.17,151114,64107141,0,0.0
2022-03-17 13:00:00,391.45,393.71,391.01,389.82,2745226.22,2543,4.81,151114,64107634,2,2.0
2022-03-17 14:00:00,391.01,391.97,387.19,386.55,1981540.25,2543,4.64,151115,64108235,1,1.0
2022-03-17 15:00:00,387.19,389.05,387.51,387.19,1521510.24,2543,3.8,151117,64108745,2,2.0
2022-03-17 16:00:00,387.51,389.5,388.19,387.06,1138349.55,2543,4.41,151118,64109297,2,2.0
2022-03-17 17:00:00,388.19,389.09,388.94,386.1,1289571.08,2543,4.32,151119,64109777,2,1.0
2022-03-17 18:00:00,388.94,389.41,388.37,388.01,701044.81,2543,4.46,151122,64110300,1,1.0
2022-03-17 19:00:00,388.37,390.22,389.66,388.37,1086573.09,2543,4.38,151122,64110812,2,2.0
2022-03-17 20:00:00,389.66,389.84,387.55,387.36,853764.81,2543,4.52,151111,64111259,2,1.0
2022-03-17 21:00:00,387.66,390.87,390.05,390.05,1102088.6,2543,4.47,151111,64111730,2,2.0
2022-03-17 22:00:00,390.05,391.56,391.52,389.84,1383163.23,2543,4.64,151111,64112139,2,0.0
2022-03-17 23:00:00,391.52,392.12,392.04,390.89,2147794.1,2543,4.33,151112,64112576,2,2.0
2022-03-18 00:00:00,392.14,392.8,386.6,386.38,2508813.48,2543,4.24,151112,64112896,1,1.0
2022-03-18 01:00:00,386.6,388.01,387.86,386.05,1858788.89,2543,4.5,151113,64113195,2,2.0
2022-03-18 02:00:00,387.86,387.98,385.23,385.02,1144282.46,2543,4.54,151113,64113508,2,2.0
2022-03-18 03:00:00,385.23,385.79,385.39,384.23,1150207.56,2543,4.34,151114,64113735,2,2.0
2022-03-18 04:00:00,385.39,386.52,386.09,384.44,1046165.53,2543,4.37,151114,64113968,2,0.0
2022-03-18 05:00:00,386.09,388.2,388.02,386.09,1672973.99,2543,4.41,151114,64114190,0,0.0
2022-03-18 06:00:00,388.02,388.98,387.78,387.18,1533738.82,2543,4.26,151115,64114483,0,0.0
2022-03-18 07:00:00,387.78,388.21,387.12,386.64,1368568.68,2543,4.33,151116,64114818,2,2.0
2022-03-18 08:00:00,387.12,389.83,388.23,386.69,1717720.1,2543,4.36,151117,64115185,2,2.0
2022-03-18 09:00:00,388.23,389.04,386.09,385.95,1509858.23,2543,4.25,151117,64115537,2,2.0
2022-03-18 10:00:00,386.31,385.7,385.46,384.73,2266476.36,2543,4.14,151118,64115903,2,2.0
2022-03-18 11:00:00,385.46,386.59,386.02,385.46,1955539.68,2543,4.11,151119,64116259,2,2.0
2022-03-18 12:00:00,385.9,387.62,386.61,385.37,1254172.78,2543,4.04,151121,64116722,2,2.0
2022-03-18 13:00:00,386.61,388.78,388.6,385.72,1934055.81,2543,3.97,151122,64117150,2,2.0
2022-03-18 14:00:00,388.6,390.29,389.62,388.31,2509309.3,2543,3.96,151123,64117649,0,0.0
2022-03-18 15:00:00,389.62,394.36,393.46,389.56,2546916.72,2543,4.09,151123,64118117,2,2.0
2022-03-18 16:00:00,393.46,397.47,394.8,393.46,3760690.06,2543,4.18,151123,64118624,2,2.0
2022-03-18 17:00:00,394.8,398.24,397.24,394.69,1688769.82,2543,4.01,151126,64119231,2,2.0
2022-03-18 18:00:00,397.24,398.36,396.09,395.76,1297804.35,2543,3.97,151130,64119881,2,2.0
2022-03-18 19:00:00,396.09,399.67,399.58,395.66,1804899.38,2543,3.92,151131,64120469,2,2.0
2022-03-18 20:00:00,399.58,400.87,397.41,397.34,2909272.69,2543,3.95,151133,64121096,2,2.0
2022-03-18 21:00:00,397.41,398.36,397.08,396.07,1102177.2,2543,3.82,151134,64121683,1,1.0
2022-03-18 22:00:00,397.08,397.74,396.0,395.77,868105.85,2543,3.78,151136,64122200,2,2.0
2022-03-18 23:00:00,396.0,398.02,397.44,395.91,1075339.18,2543,3.69,151135,64122630,2,2.0
2022-03-19 00:00:00,397.44,400.2,400.01,397.27,1398664.02,2543,3.69,151137,64123007,2,2.0
2022-03-19 01:00:00,400.01,400.9,400.33,398.48,1193802.25,2543,3.56,151137,64123336,2,2.0
2022-03-19 02:00:00,400.33,400.33,399.21,398.37,1159251.5,2543,3.54,151137,64123618,2,2.0
2022-03-19 03:00:00,399.23,399.68,398.47,398.22,3239568.8,2543,3.65,151137,64123846,2,2.0
2022-03-19 04:00:00,398.55,399.02,397.85,397.41,938861.39,2543,3.63,151139,64124066,2,2.0
2022-03-19 05:00:00,397.67,397.55,397.42,396.88,1104814.6,2543,3.53,151142,64124292,2,2.0
2022-03-19 06:00:00,397.5,398.38,397.59,397.18,650803.31,2543,3.49,151142,64124570,2,2.0
2022-03-19 07:00:00,397.54,396.13,395.55,395.38,2047883.68,2543,3.37,151142,64124878,1,1.0
2022-03-19 08:00:00,395.55,397.14,397.1,396.3,1203725.53,2543,3.34,151142,64125249,2,2.0
2022-03-19 09:00:00,397.1,399.35,399.35,396.68,2022755.37,2543,3.34,151143,64125623,0,0.0
2022-03-19 10:00:00,399.35,399.68,399.18,398.84,1409602.47,2543,3.26,151144,64125986,2,2.0
2022-03-19 11:00:00,399.18,402.09,401.21,399.37,4924681.21,2543,3.19,151146,64126349,2,2.0
2022-03-19 12:00:00,401.21,405.15,404.48,402.1,5167111.43,2543,3.18,151146,64126729,2,2.0
2022-03-19 13:00:00,404.48,404.85,403.43,402.27,3714571.04,2543,3.34,151147,64127194,2,2.0
2022-03-19 14:00:00,403.33,405.2,405.11,402.51,1192867.69,2543,3.48,151147,64127589,2,2.0
2022-03-19 15:00:00,405.08,407.06,403.49,402.23,5792435.08,2543,3.56,151149,64128039,1,1.0
2022-03-19 16:00:00,403.43,406.37,404.74,402.52,1888812.29,2543,3.71,151153,64128605,2,2.0
2022-03-19 17:00:00,404.74,404.83,402.33,402.06,2513883.02,2543,3.8,151153,64129165,2,2.0
2022-03-19 18:00:00,402.33,402.4,402.13,400.9,1342672.24,2543,3.79,151153,64129713,2,2.0
2022-03-19 19:00:00,402.13,402.16,399.28,398.95,2688639.13,2543,3.87,151153,64130141,2,2.0
2022-03-19 20:00:00,399.28,401.19,400.74,397.38,2208229.2,2543,3.83,151156,64130634,2,2.0
2022-03-19 21:00:00,400.74,402.8,400.97,400.59,1931628.12,2543,3.67,151156,64131187,0,0.0
2022-03-19 22:00:00,400.97,401.01,399.15,396.23,3012693.98,2543,3.64,151157,64131770,2,2.0
2022-03-19 23:00:00,399.15,400.76,400.1,398.16,1670976.57,2543,3.57,151159,64132284,2,2.0
2022-03-20 00:00:00,400.1,400.97,398.28,396.41,2396571.4,2543,3.52,151159,64132651,2,2.0
2022-03-20 01:00:00,398.28,398.66,395.82,393.42,2004940.21,2543,3.49,151160,64133001,2,2.0
2022-03-20 02:00:00,395.82,396.56,394.83,394.64,903291.22,2543,3.45,151160,64133311,2,2.0
