time,high,low,open,volumefrom,volumeto,close,conversionType,conversionSymbol,comments,posts,followers,points,overview_page_views,analysis_page_views,markets_page_views,charts_page_views,trades_page_views,forum_page_views,influence_page_views,total_page_views,fb_likes,fb_talking_about,twitter_followers,twitter_following,twitter_lists,twitter_favourites,twitter_statuses,reddit_subscribers,reddit_active_users,reddit_posts_per_hour,reddit_posts_per_day,reddit_comments_per_hour,reddit_comments_per_day,code_repo_stars,code_repo_forks,code_repo_subscribers,code_repo_open_pull_issues,code_repo_closed_pull_issues,code_repo_open_issues,code_repo_closed_issues,code_repo_contributors
2022-03-13 02:00:00,376.54,374.89,375.11,2099.37,789144.79,375.8,direct,,514511,151016,103041,11496535,37733227,1239866,1706899,11101795,870212,11339902,68121,64060022,39654,26,844049,165,6631,1000,20316,3861380,2543,3.36,80.54,103.24,2477.77,56870,29844,3845,401,15501,614,5826,1003
2022-03-13 03:00:00,376.42,375.63,375.8,1461.83,549708.54,376.18,direct,,514511,151016,103041,11496535,37733346,1239867,1706903,11101839,870215,11339936,68121,64060227,39654,26,844049,165,6631,1000,20316,3861380,2543,3.34,80.2,217.65,5223.7,56870,29844,3845,401,15501,614,5826,1003
2022-03-13 04:00:00,377.25,375.38,376.18,1864.88,702167.28,375.38,direct,,514512,151016,103042,11496570,37733482,1239884,1706905,11101881,870216,11339979,68121,64060468,39654,26,844049,165,6631,1000,20316,3861380,2543,3.23,77.61,118.38,2841.17,56870,29844,3845,401,15501,614,5826,1003
2022-03-13 05:00:00,375.83,375.09,375.38,1337.82,502447.37,375.43,direct,,514515,151016,103042,11496600,37733633,1239885,1706907,11101915,870216,11340009,68121,64060686,39654,26,844049,165,6631,1000,20316,3861380,2543,3.13,75.07,94.89,2277.28,56870,29844,3845,401,15501,614,5826,1003
2022-03-13 06:00:00,375.65,374.76,375.43,2130.35,799467.14,375.55,direct,,514518,151017,103041,11496630,37733779,1239887,1706907,11101948,870219,11340051,68121,64060912,39654,26,844049,165,6631,1000,20316,3861380,2543,3.04,72.89,80.0,1920.0,56870,29844,3845,401,15501,614,5826,1003
2022-03-13 07:00:00,375.91,374.43,375.55,1719.37,645404.89,374.72,direct,,514530,151017,103041,11496750,37733938,1239888,1706907,11101993,870219,11340106,68121,64061172,39654,26,844049,165,6631,1000,20316,3861380,2543,2.94,70.68,88.52,2124.42,56870,29844,3845,401,15501,614,5826,1003
2022-03-13 08:00:00,374.87,372.05,374.72,3116.48,1163919.04,372.11,direct,,514531,151018,103041,11496785,37734159,1239895,1706910,11102041,870219,11340175,68123,64061522,39654,26,844049,165,6631,1000,20316,3861380,2543,2.94,70.68,64.14,1539.28,56870,29844,3845,401,15501,614,5826,1003
2022-03-13 09:00:00,372.56,370.83,372.11,2200.1,817676.03,371.4,direct,,514534,151020,103042,11496890,37734375,1239897,1706911,11102101,870225,11340244,68123,64061876,39654,26,844049,165,6631,1000,20316,3861380,2543,2.82,67.74,87.48,2099.64,56870,29844,3845,401,15501,614,5826,1003
2022-03-13 10:00:00,372.24,371.17,371.4,1661.3,617566.84,372.18,direct,,514538,151022,103042,11496980,37734596,1239903,1706913,11102150,870227,11340337,68123,64062249,39654,26,844049,165,6631,1000,20316,3861380,2543,2.75,66.06,108.34,2600.06,56870,29844,3845,401,15501,614,5826,1003
2022-03-13 11:00:00,373.2,370.4,372.18,2968.33,1103121.26,371.07,direct,,514565,151026,103046,11497450,37734861,1239912,1706917,11102213,870236,11340418,68123,64062680,39654,26,844049,165,6631,1000,20316,3861380,2543,2.68,64.37,91.28,2190.67,56870,29844,3845,401,15501,614,5826,1003
2022-03-13 12:00:00,371.76,368.34,371.07,3899.15,1440634.88,368.8,direct,,514588,151029,103048,11497805,37735069,1239913,1706919,11102271,870236,11340518,68123,64063049,39654,26,844049,165,6631,1000,20316,3861380,2543,2.66,63.91,93.24,2237.76,56870,29844,3845,401,15501,614,5826,1003
2022-03-13 13:00:00,372.84,368.35,368.8,4572.47,1698440.89,371.3,direct,,514601,151031,103050,11498035,37735332,1239915,1706921,11102313,870238,11340656,68123,64063498,39654,26,844049,165,6631,1000,20316,3861380,2543,2.7,64.85,176.3,4231.15,56870,29844,3845,401,15501,614,5826,1003
2022-03-13 14:00:00,372.5,371.21,371.35,6535.57,2426084.69,371.21,multiply,BTC,514611,151033,103051,11498210,37735649,1239917,1706924,11102381,870240,11340752,68123,64063986,39654,26,844049,165,6631,1000,20316,3861380,2543,2.87,68.95,170.78,4098.67,56870,29844,3845,401,15501,614,5826,1003
2022-03-13 15:00:00,372.79,370.89,370.98,3369.79,1253713.56,371.15,direct,,514625,151036,103052,11498450,37735913,1239920,1706930,11102441,870241,11340839,68123,64064407,39654,26,844049,165,6631,1000,20316,3861380,2543,2.99,71.79,255.86,6140.72,56870,29844,3845,401,15501,614,5826,1003
2022-03-13 16:00:00,372.23,370.78,371.15,1688.4,627309.12,371.9,direct,,514641,151038,103052,11498660,37736176,1239923,1706931,11102494,870244,11340937,68123,64064828,39654,26,844049,165,6631,1000,20316,3861380,2543,3.27,78.4,271.9,6525.68,56870,29844,3845,401,15501,614,5826,1003
2022-03-13 17:00:00,372.63,371.08,371.9,2115.52,786645.05,372.12,direct,,514653,151039,103053,11498830,37736440,1239924,1706931,11102540,870246,11341024,68124,64065229,39654,26,844049,165,6631,1000,20316,3861380,2543,3.26,78.31,349.51,8388.35,56870,29844,3845,401,15501,614,5826,1003
2022-03-13 18:00:00,373.91,372.39,372.13,7976.97,2977990.41,373.32,multiply,BTC,514664,151040,103054,11498990,37736684,1239928,1706935,11102598,870249,11341125,68124,64065643,39654,26,844049,165,6631,1000,20316,3861380,2543,3.43,82.34,280.81,6739.47,56870,29844,3845,401,15501,614,5826,1003
2022-03-13 19:00:00,373.72,371.25,373.27,2102.36,783814.27,371.25,direct,,514682,151040,103055,11499195,37736928,1239936,1706937,11102641,870250,11341231,68126,64066049,39654,26,844049,165,6631,1000,20316,3861380,2543,3.54,85.02,188.09,4514.11,56870,29844,3845,401,15501,614,5826,1003
2022-03-13 20:00:00,371.33,369.45,371.25,4635.2,1715060.52,369.89,direct,,514700,151042,103056,11499450,37737174,1239940,1706940,11102694,870253,11341336,68126,64066463,39654,26,844049,165,6631,1000,20316,3861380,2543,3.43,82.38,191.49,4595.74,56870,29844,3845,401,15501,614,5826,1003
2022-03-13 21:00:00,371.19,369.19,369.89,1869.9,692580.14,370.71,direct,,514721,151044,103057,11499735,37737486,1239943,1706946,11102769,870263,11341454,68126,64066987,39654,26,844049,165,6631,1000,20316,3861380,2543,3.46,82.97,207.49,4979.83,56870,29844,3845,401,15501,614,5826,1003
2022-03-13 22:00:00,371.34,361.77,370.71,6960.55,2548525.64,362.33,direct,,514735,151045,103060,11499975,37737728,1239944,1706946,11102805,870263,11341565,68126,64067377,39654,26,844049,165,6631,1000,20316,3861380,2543,3.47,83.2,180.9,4341.71,56870,29844,3845,401,15501,614,5826,1003
2022-03-13 23:00:00,363.02,360.09,362.33,11223.89,4055676.4,361.36,direct,,514756,151045,103060,11500185,37738028,1239946,1706949,11102884,870263,11341693,68126,64067889,39654,26,844049,165,6631,1000,20316,3861380,2543,3.52,84.56,228.72,5489.2,56870,29844,3845,401,15501,614,5826,1003
2022-03-14 00:00:00,362.86,359.52,361.36,9161.13,3311847.73,362.61,direct,,514787,151046,103061,11500545,37738305,1239951,1706950,11102927,870263,11341797,68126,64068319,39654,26,844049,165,6631,1000,20316,3861380,2543,3.47,83.27,202.82,4867.61,56870,29844,3845,401,15501,614,5826,1003
2022-03-14 01:00:00,365.04,362.31,362.61,7271.34,2643968.99,363.92,direct,,514818,151046,103061,11500855,37738535,1239952,1706954,11102968,870263,11341856,68126,64068654,39654,26,844049,165,6631,1000,20316,3861380,2543,3.61,86.68,138.3,3319.25,56870,29844,3845,401,15501,614,5826,1003
2022-03-14 02:00:00,364.95,363.21,363.92,3536.74,1287773.92,364.12,direct,,514818,151046,103062,11500880,37738738,1239953,1706955,11103014,870266,11341898,68126,64068950,39654,26,844049,165,6631,1000,20316,3861380,2543,3.32,79.75,150.63,3615.06,56870,29844,3845,401,15501,614,5826,1003
2022-03-14 03:00:00,365.2,363.0,364.12,3269.3,1191056.76,365.03,direct,,514821,151046,103062,11500910,37738907,1239954,1706955,11103066,870266,11341937,68126,64069211,39654,26,844049,165,6631,1000,20316,3861380,2543,3.37,80.84,119.6,2870.43,56870,29844,3845,401,15501,614,5826,1003
2022-03-14 04:00:00,371.79,364.86,365.03,10649.12,3933307.9,368.77,direct,,514823,151047,103062,11500955,37739062,1239955,1706956,11103098,870267,11341981,68127,64069446,39654,26,844049,165,6631,1000,20316,3861380,2543,3.37,80.84,125.74,3017.81,56870,29844,3845,401,15501,614,5826,1003
2022-03-14 05:00:00,369.19,367.31,368.77,3842.67,1414628.05,367.79,direct,,514825,151047,103062,11500975,37739305,1239957,1706960,11103138,870273,11342035,68127,64069795,39654,26,844049,165,6631,1000,20316,3861380,2543,3.45,82.84,97.83,2347.83,56870,29844,3845,401,15501,614,5826,1003
2022-03-14 06:00:00,369.5,367.57,367.79,4707.76,1733863.42,368.13,direct,,514825,151048,103064,11501050,37739516,1239966,1706961,11103197,870274,11342123,68127,64070164,39654,26,844049,165,6631,1000,20316,3861380,2543,3.45,82.84,108.6,2606.33,56870,29844,3845,401,15501,614,5826,1003
2022-03-14 07:00:00,370.4,368.03,368.13,4450.38,1642343.58,369.62,direct,,514833,151051,103067,11501280,37739762,1239972,1706966,11103228,870284,11342211,68127,64070550,39654,26,844049,165,6631,1000,20316,3861380,2543,3.45,82.84,101.41,2433.8,56870,29844,3845,401,15501,614,5826,1003
2022-03-14 08:00:00,371.02,369.39,369.62,3642.39,1347827.19,370.21,direct,,514841,151051,103067,11501360,37740036,1239978,1706967,11103276,870291,11342331,68128,64071007,39654,26,844049,165,6631,1000,20316,3861380,2543,4.21,100.92,107.78,2586.83,56870,29844,3845,401,15501,614,5826,1003
2022-03-14 09:00:00,371.48,369.67,370.21,3664.19,1357430.64,370.09,direct,,514855,151055,103068,11501625,37740333,1239983,1706972,11103359,870291,11342438,68128,64071504,39654,26,844049,165,6631,1000,20316,3861380,2543,4.21,100.92,104.35,2504.35,56870,29844,3845,401,15501,614,5826,1003
2022-03-14 10:00:00,370.72,368.95,370.09,2451.91,906663.07,369.72,direct,,514896,151056,103069,11502085,37740647,1239986,1706976,11103428,870294,11342572,68128,64072031,39654,26,844049,165,6631,1000,20316,3861380,2543,4.71,113.07,138.2,3316.7,56870,29844,3845,401,15501,614,5826,1003
2022-03-14 11:00:00,369.93,368.19,369.72,2469.54,910841.38,368.4,direct,,514925,151059,103069,11502450,37740938,1239987,1706981,11103477,870295,11342689,68128,64072495,39654,26,844049,165,6631,1000,20316,3861380,2543,4.52,108.41,131.82,3163.68,56870,29844,3845,401,15501,614,5826,1003
2022-03-14 12:00:00,369.08,366.73,368.4,4572.12,1680971.05,367.86,direct,,514933,151060,103069,11502555,37741208,1239992,1706988,11103530,870300,11342805,68128,64072951,39654,26,844049,165,6631,1000,20316,3861380,2543,4.38,105.07,183.77,4410.41,56870,29844,3845,401,15501,614,5826,1003
2022-03-14 13:00:00,369.88,366.78,367.86,4862.24,1790032.89,368.7,direct,,514967,151062,103069,11502945,37741519,1240003,1706996,11103595,870305,11342913,68128,64073459,39654,26,844049,165,6631,1000,20316,3861380,2543,4.37,104.94,236.38,5673.01,56870,29844,3845,401,15501,614,5826,1003
2022-03-14 14:00:00,369.7,367.35,368.7,6904.0,2544473.49,369.29,direct,,515015,151066,103071,11503575,37741821,1240022,1707009,11103671,870313,11343042,68129,64074007,39654,26,844049,165,6631,1000,20316,3861380,2543,4.31,103.45,178.75,4289.97,56870,29844,3845,401,15501,614,5826,1003
2022-03-14 15:00:00,370.29,367.3,369.29,3174.08,1170572.27,368.17,direct,,515027,151068,103071,11503745,37742191,1240026,1707010,11103765,870315,11343149,68129,64074585,39654,26,844049,165,6631,1000,20316,3861380,2543,4.58,109.89,246.24,5909.71,56870,29844,3845,401,15501,614,5826,1003
2022-03-14 16:00:00,368.92,367.26,368.17,2405.81,885762.92,367.32,direct,,515049,151072,103073,11504115,37742504,1240030,1707014,11103849,870318,11343296,68129,64075140,39654,26,844049,165,6631,1000,20316,3861380,2543,4.71,113.13,199.0,4776.12,56870,29844,3845,401,15501,614,5826,1003
2022-03-14 17:00:00,367.32,364.87,367.32,5431.16,1987896.28,366.15,direct,,515063,151074,103075,11504355,37742848,1240032,1707018,11103909,870323,11343416,68129,64075675,39654,26,844049,165,6631,1000,20316,3861380,2543,4.68,112.2,257.14,6171.43,56870,29844,3845,401,15501,614,5826,1003
2022-03-14 18:00:00,366.27,363.62,366.15,4768.2,1741569.86,365.34,direct,,515086,151075,103076,11504635,37743136,1240037,1707022,11103999,870336,11343556,68129,64076215,39654,26,844049,165,6631,1000,20316,3861380,2543,4.63,111.08,184.71,4433.04,56870,29844,3845,401,15501,614,5826,1003
2022-03-14 19:00:00,366.03,364.61,365.34,3385.45,1237138.49,365.89,direct,,515098,151076,103076,11504780,37743435,1240038,1707024,11104099,870337,11343688,68129,64076750,39654,26,844049,165,6631,1000,20316,3861380,2543,4.6,110.48,190.07,4561.77,56870,29844,3845,401,15501,614,5826,1003
2022-03-14 20:00:00,366.68,364.92,365.89,3281.06,1200813.72,365.19,direct,,515108,151078,103077,11504955,37743706,1240040,1707024,11104202,870338,11343797,68129,64077236,39654,26,844049,165,6631,1000,20316,3861380,2543,4.4,105.62,171.35,4112.33,56870,29844,3845,401,15501,614,5826,1003
2022-03-14 21:00:00,366.51,364.88,365.02,3608.08,1321705.56,366.32,multiply,BTC,515103,151077,103077,11504880,37743979,1240040,1707025,11104296,870339,11343906,68129,64077714,39654,26,844049,165,6631,1000,20316,3861380,2543,4.43,106.38,187.3,4495.32,56870,29844,3845,401,15501,614,5826,1003
2022-03-14 22:00:00,373.67,367.9,366.32,13282.62,4927608.26,370.98,multiply,BTC,515111,151078,103078,11505010,37744245,1240045,1707027,11104369,870341,11343993,68129,64078149,39654,26,844049,165,6631,1000,20316,3861380,2543,4.63,111.03,102.45,2458.74,56870,29844,3845,401,15501,614,5826,1003
2022-03-14 23:00:00,374.08,369.69,369.69,4866.64,1813311.32,373.49,direct,,515119,151080,103079,11505165,37744587,1240046,1707034,11104443,870343,11344100,68129,64078682,39654,26,844049,165,6631,1000,20316,3861380,2543,4.63,111.03,117.96,2830.93,56870,29844,3845,401,15501,614,5826,1003
2022-03-15 00:00:00,374.85,371.88,373.49,5417.34,2021806.12,373.0,direct,,515122,151080,103079,11505195,37744907,1240052,1707038,11104499,870343,11344185,68129,64079153,39654,26,844049,165,6631,1000,20316,3861380,2543,4.63,111.03,130.77,3138.39,56870,29844,3845,401,15501,614,5826,1003
2022-03-15 01:00:00,373.25,368.0,373.0,4815.56,1779798.14,368.3,direct,,515129,151081,103080,11505315,37745110,1240053,1707040,11104544,870343,11344250,68129,64079469,39654,26,844049,165,6631,1000,20316,3861380,2543,4.34,104.11,87.51,2100.15,56870,29844,3845,401,15501,614,5826,1003
2022-03-15 02:00:00,369.91,368.09,368.3,4191.46,1546952.21,368.85,direct,,515129,151081,103081,11505340,37745350,1240056,1707044,11104595,870345,11344311,68129,64079830,39654,26,844049,165,6631,1000,20316,3861380,2543,4.23,101.52,114.29,2742.86,56870,29844,3845,401,15501,614,5826,1003
2022-03-15 03:00:00,369.6,366.51,368.85,4055.29,1491289.35,367.19,direct,,515130,151081,103083,11505400,37745527,1240057,1707044,11104644,870345,11344338,68129,64080084,39654,26,844049,165,6631,1000,20316,3861380,2543,4.32,103.63,86.15,2067.48,56870,29844,3845,401,15501,614,5826,1003
2022-03-15 04:00:00,367.7,366.66,367.19,1922.3,705843.3,367.11,direct,,515131,151081,103086,11505485,37745694,1240060,1707048,11104681,870345,11344377,68130,64080335,39654,26,844049,165,6631,1000,20316,3861380,2543,4.17,100.04,78.13,1875.0,56870,29844,3845,401,15501,614,5826,1003
2022-03-15 05:00:00,367.11,365.87,367.11,2449.88,897495.11,366.59,direct,,515131,151081,103087,11505510,37745852,1240061,1707050,11104723,870346,11344410,68130,64080572,39654,26,844049,165,6631,1000,20316,3861380,2543,4.32,103.79,101.47,2435.17,56870,29844,3845,401,15501,614,5826,1003
2022-03-15 06:00:00,367.95,366.1,366.59,2576.54,945880.65,366.53,direct,,515130,151081,103086,11505475,37746051,1240061,1707053,11104768,870347,11344450,68130,64080860,39654,26,844049,165,6631,1000,20316,3861380,2543,4.38,105.05,99.89,2397.34,56870,29844,3845,401,15501,614,5826,1003
2022-03-15 07:00:00,366.53,361.9,366.53,6301.29,2291709.27,364.18,direct,,515136,151082,103086,11505560,37746288,1240068,1707055,11104800,870347,11344534,68130,64081222,39654,26,844049,165,6631,1000,20316,3861380,2543,4.49,107.87,92.54,2221.08,56870,29844,3845,401,15501,614,5826,1003
2022-03-15 08:00:00,364.18,362.66,364.18,5409.01,1965112.05,363.57,direct,,515137,151084,103086,11505620,37746594,1240071,1707056,11104863,870350,11344631,68130,64081695,39654,26,844049,165,6631,1000,20316,3861380,2543,4.18,100.44,112.54,2700.84,56870,29844,3845,401,15501,614,5826,1003
2022-03-15 09:00:00,364.91,362.23,363.57,4189.3,1525290.08,364.4,direct,,515145,151085,103086,11505725,37746881,1240072,1707058,11104926,870351,11344725,68130,64082143,39654,26,844049,165,6631,1000,20316,3861380,2543,4.12,98.87,79.49,1907.71,56870,29844,3845,401,15501,614,5826,1003
2022-03-15 10:00:00,365.88,364.4,364.4,3982.47,1454722.07,365.52,direct,,515157,151085,103090,11505945,37747150,1240075,1707062,11104994,870357,11344831,68132,64082601,39654,26,844049,165,6631,1000,20316,3861380,2543,4.17,99.97,101.27,2430.38,56870,29844,3845,401,15501,614,5826,1003
2022-03-15 11:00:00,366.29,364.64,365.52,3409.34,1246146.86,365.3,direct,,515159,151086,103091,11506015,37747406,1240079,1707068,11105050,870361,11344953,68133,64083050,39654,26,844049,165,6631,1000,20316,3861380,2543,3.94,94.6,129.17,3100.11,56870,29844,3845,401,15501,614,5826,1003
2022-03-15 12:00:00,367.11,364.81,365.3,4530.5,1659976.14,367.11,direct,,515161,151089,103093,11506160,37747662,1240084,1707075,11105122,870363,11345058,68134,64083498,39654,26,844049,165,6631,1000,20316,3861380,2543,3.93,94.29,102.8,2467.16,56870,29844,3845,401,15501,614,5826,1003
2022-03-15 13:00:00,367.17,363.57,367.11,7969.55,2910660.07,365.64,direct,,515177,151090,103094,11506370,37747962,1240087,1707079,11105173,870366,11345179,68134,64083980,39654,26,844049,165,6631,1000,20316,3861380,2543,4.11,98.73,126.89,3045.47,56870,29844,3845,401,15501,614,5826,1003
2022-03-15 14:00:00,369.21,365.37,365.64,9581.01,3521613.09,368.45,direct,,515196,151090,103096,11506610,37748263,1240092,1707082,11105226,870373,11345295,68134,64084465,39654,26,844049,165,6631,1000,20316,3861380,2543,4.16,99.72,177.69,4264.56,56870,29844,3845,401,15501,614,5826,1003
2022-03-15 15:00:00,370.64,368.05,368.45,5095.92,1882375.37,368.81,direct,,515206,151092,103099,11506835,37748573,1240100,1707083,11105300,870377,11345416,68134,64084983,39654,26,844049,165,6631,1000,20316,3861380,2543,4.01,96.19,168.46,4043.05,56870,29844,3845,401,15501,614,5826,1003
2022-03-15 16:00:00,372.6,367.89,368.81,5286.92,1957767.36,370.68,direct,,515245,151097,103099,11507350,37748898,1240101,1707087,11105371,870380,11345537,68134,64085508,39654,26,844049,165,6631,1000,20316,3861380,2543,4.08,97.84,206.19,4948.45,56870,29844,3845,401,15501,614,5826,1003
2022-03-15 17:00:00,371.29,369.41,370.68,4152.18,1536606.36,370.91,direct,,515262,151101,103100,11507645,37749234,1240102,1707089,11105434,870382,11345638,68134,64086013,39654,26,844049,165,6631,1000,20316,3861380,2543,4.03,96.65,190.48,4571.43,56870,29844,3845,401,15501,614,5826,1003
2022-03-15 18:00:00,372.9,370.35,370.91,5518.87,2048467.76,372.48,direct,,515275,151103,103100,11507825,37749560,1240105,1707092,11105508,870385,11345739,68135,64086524,39654,26,844049,165,6631,1000,20316,3861380,2543,4.03,96.65,151.9,3645.57,56870,29844,3845,401,15501,614,5826,1003
2022-03-15 19:00:00,374.41,372.26,372.48,7568.33,2827117.26,373.51,direct,,515293,151104,103100,11508030,37749884,1240108,1707096,11105592,870387,11345856,68135,64087058,39654,26,844049,165,6631,1000,20316,3861380,2543,4.03,96.65,162.02,3888.39,56870,29844,3845,401,15501,614,5826,1003
2022-03-15 20:00:00,374.83,371.36,373.51,5171.35,1924434.37,371.63,direct,,515299,151104,103102,11508140,37750330,1240113,1707103,11105694,870392,11346010,68135,64087777,39654,26,844049,165,6631,1000,20316,3861380,2543,3.79,90.98,148.64,3567.3,56870,29844,3845,401,15501,614,5826,1003
2022-03-15 21:00:00,373.28,370.89,371.63,2811.56,1046403.2,373.17,direct,,515305,151105,103105,11508300,37750672,1240116,1707108,11105769,870394,11346123,68135,64088317,39654,26,844049,165,6631,1000,20316,3861380,2543,3.76,90.3,148.7,3568.77,56870,29844,3845,401,15501,614,5826,1003
2022-03-15 22:00:00,374.46,371.52,373.17,4884.61,1820701.58,372.19,direct,,515319,151107,103106,11508515,37750970,1240118,1707110,11105836,870397,11346242,68135,64088808,39654,26,844049,165,6631,1000,20316,3861380,2543,3.69,88.47,135.24,3245.68,56870,29844,3845,401,15501,614,5826,1003
2022-03-15 23:00:00,373.7,370.05,372.19,8654.97,3216006.35,371.76,direct,,515172,151076,103106,11506270,37751244,1240120,1707112,11105890,870397,11346354,68135,64089252,39654,26,844049,165,6631,1000,20316,3861380,2543,3.69,88.59,124.01,2976.23,56870,29844,3845,401,15501,614,5826,1003
2022-03-16 00:00:00,372.92,370.78,371.76,4463.36,1659244.17,371.17,direct,,515181,151076,103107,11506385,37751464,1240124,1707116,11105938,870398,11346431,68135,64089606,39654,26,844049,165,6631,1000,20316,3861380,2543,3.7,88.85,138.46,3323.08,56870,29844,3845,401,15501,614,5826,1003
2022-03-16 01:00:00,375.37,370.54,371.17,7997.37,2985691.8,374.4,direct,,515189,151076,103107,11506465,37751632,1240125,1707119,11105980,870399,11346490,68135,64089880,39654,26,844049,165,6631,1000,20316,3861380,2543,3.7,88.85,92.98,2231.4,56870,29844,3845,401,15501,614,5826,1003
2022-03-16 02:00:00,383.41,374.27,374.4,15792.97,6007555.36,379.45,direct,,515189,151076,103107,11506465,37751808,1240128,1707121,11106017,870399,11346531,68135,64090139,39654,26,844049,165,6631,1000,20316,3861380,2543,3.73,89.46,107.78,2586.83,56870,29844,3845,401,15501,614,5826,1003
2022-03-16 03:00:00,379.86,369.62,379.45,14709.72,5493935.59,370.77,direct,,515192,151077,103107,11506520,37752175,1240132,1707122,11106102,870400,11346626,68136,64090693,39654,26,844049,165,6631,1000,20316,3861380,2543,4.39,105.37,210.4,5049.68,56870,29844,3845,401,15501,614,5826,1003
2022-03-16 04:00:00,370.8,367.98,370.77,5472.14,2019850.66,368.86,direct,,515194,151078,103108,11506590,37752478,1240133,1707125,11106172,870401,11346712,68136,64091157,39654,26,844049,165,6631,1000,20316,3861380,2543,4.49,107.72,163.12,3914.82,56870,29844,3845,401,15501,614,5826,1003
2022-03-16 05:00:00,370.8,368.21,368.86,4313.73,1593332.79,370.2,direct,,515194,151078,103108,11506590,37752731,1240136,1707127,11106218,870401,11346773,68136,64091522,39654,26,844049,165,6631,1000,20316,3861380,2543,4.3,103.22,139.48,3347.54,56870,29844,3845,401,15501,614,5826,1003
2022-03-16 06:00:00,373.42,370.03,370.2,5306.49,1972818.21,373.3,direct,,515195,151080,103108,11506650,37752987,1240138,1707131,11106285,870403,11346842,68136,64091922,39654,26,844049,165,6631,1000,20316,3861380,2543,4.12,98.85,100.78,2418.81,56870,29844,3845,401,15501,614,5826,1003
2022-03-16 07:00:00,373.3,371.34,373.3,3047.62,1134358.5,372.38,direct,,515198,151081,103108,11506705,37753286,1240144,1707133,11106345,870404,11346930,68136,64092378,39654,26,844049,165,6631,1000,20316,3861380,2543,4.06,97.52,110.5,2651.93,56870,29844,3845,401,15501,614,5826,1003
2022-03-16 08:00:00,377.94,372.36,372.38,8972.72,3365263.74,377.43,direct,,515201,151081,103108,11506735,37753553,1240144,1707134,11106406,870405,11347012,68136,64092790,39654,26,844049,165,6631,1000,20316,3861380,2543,3.81,91.33,99.89,2397.34,56870,29844,3845,401,15501,614,5826,1003
2022-03-16 09:00:00,379.72,376.75,377.43,5588.2,2114200.89,378.02,direct,,515204,151081,103108,11506765,37753914,1240146,1707136,11106478,870407,11347137,68136,64093354,39654,26,844049,165,6631,1000,20316,3861380,2543,3.88,93.23,94.81,2275.48,56870,29844,3845,401,15501,614,5826,1003
2022-03-16 10:00:00,379.37,376.35,378.02,3622.78,1368548.56,377.18,direct,,515214,151082,103109,11506915,37754312,1240171,1707143,11106558,870408,11347262,68136,64093990,39654,26,844049,165,6631,1000,20316,3861380,2543,3.88,93.23,130.06,3121.39,56870,29844,3845,401,15501,614,5826,1003
2022-03-16 11:00:00,379.16,376.53,377.18,3447.79,1302670.47,377.64,direct,,515218,151082,103111,11507005,37754690,1240183,1707149,11106637,870416,11347371,68137,64094583,39654,26,844049,165,6631,1000,20316,3861380,2543,4.0,96.09,116.77,2802.47,56870,29844,3845,401,15501,614,5826,1003
2022-03-16 12:00:00,378.57,375.99,377.64,3395.04,1280180.17,376.06,direct,,515221,151082,103109,11506985,37755055,1240187,1707151,11106722,870417,11347458,68138,64095128,39654,26,844049,165,6631,1000,20316,3861380,2543,4.07,97.57,169.65,4071.63,56870,29844,3845,401,15501,614,5826,1003
2022-03-16 13:00:00,377.56,375.16,376.06,5318.73,2000688.65,377.2,direct,,515221,151082,103109,11506985,37755439,1240191,1707158,11106818,870422,11347547,68140,64095715,39654,26,844049,165,6631,1000,20316,3861380,2543,4.14,99.35,222.22,5333.33,56870,29844,3845,401,15501,614,5826,1003
2022-03-16 14:00:00,381.33,376.52,377.2,6256.15,2374003.22,379.44,direct,,515226,151083,103109,11507060,37755815,1240194,1707164,11106906,870424,11347639,68140,64096282,39654,26,844049,165,6631,1000,20316,3861380,2543,4.14,99.35,167.13,4011.14,56870,29844,3845,401,15501,614,5826,1003
2022-03-16 15:00:00,380.03,378.08,379.44,3521.09,1334772.75,378.54,direct,,515232,151089,103110,11507295,37756246,1240197,1707173,11106999,870428,11347788,68140,64096971,39654,26,844049,165,6631,1000,20316,3861380,2543,3.96,94.96,163.27,3918.37,56870,29844,3845,401,15501,614,5826,1003
2022-03-16 16:00:00,379.88,375.29,378.54,7659.21,2884863.94,376.72,direct,,515237,151091,103112,11507445,37756633,1240198,1707180,11107097,870430,11347904,68140,64097582,39654,26,844049,165,6631,1000,20316,3861380,2543,3.81,91.35,193.03,4632.71,56870,29844,3845,401,15501,614,5826,1003
2022-03-16 17:00:00,379.0,375.46,376.72,4918.99,1854503.68,377.67,direct,,515239,151091,103113,11507490,37757007,1240202,1707181,11107191,870432,11348024,68140,64098177,39654,26,844049,165,6631,1000,20316,3861380,2543,3.9,93.68,165.9,3981.57,56870,29844,3845,401,15501,614,5826,1003
2022-03-16 18:00:00,377.96,372.06,377.67,9948.02,3731477.52,376.42,direct,,515239,151091,103113,11507490,37757392,1240204,1707182,11107308,870436,11348133,68140,64098795,39654,26,844049,165,6631,1000,20316,3861380,2543,3.92,94.14,239.04,5737.05,56870,29844,3845,401,15501,614,5826,1003
2022-03-16 19:00:00,384.04,375.78,376.42,10040.93,3829621.44,383.51,direct,,515239,151092,103113,11507515,37757906,1240206,1707188,11107423,870444,11348266,68140,64099573,39654,26,844049,165,6631,1000,20316,3861380,2543,3.92,94.14,218.98,5255.47,56870,29844,3845,401,15501,614,5826,1003
2022-03-16 20:00:00,386.44,382.94,383.51,6833.7,2632190.65,386.02,direct,,515244,151096,103114,11507690,37758368,1240207,1707195,11107530,870448,11348425,68140,64100313,39654,26,844049,165,6631,1000,20316,3861380,2543,4.15,99.69,204.55,4909.09,56870,29844,3845,401,15501,614,5826,1003
2022-03-16 21:00:00,386.85,384.17,386.02,3421.89,1318633.61,384.77,direct,,515259,151099,103115,11507940,37758866,1240208,1707198,11107647,870452,11348617,68140,64101128,39654,26,844049,165,6631,1000,20316,3861380,2543,4.25,102.03,172.83,4147.86,56870,29844,3845,401,15501,614,5826,1003
2022-03-16 22:00:00,385.13,383.02,384.77,3823.03,1468044.88,383.21,direct,,515269,151102,103116,11508140,37759260,1240214,1707201,11107747,870459,11348741,68141,64101763,39654,26,844049,165,6631,1000,20316,3861380,2543,4.58,109.81,175.95,4222.87,56870,29844,3845,401,15501,614,5826,1003
2022-03-16 23:00:00,386.12,382.59,383.21,4383.82,1686926.39,385.68,direct,,515272,151102,103116,11508170,37759561,1240215,1707204,11107827,870462,11348827,68141,64102237,39654,26,844049,165,6631,1000,20316,3861380,2543,4.6,110.33,174.67,4192.14,56870,29844,3845,401,15501,614,5826,1003
2022-03-17 00:00:00,386.63,383.05,385.68,6190.15,2380115.53,384.29,direct,,515272,151102,103115,11508145,37759827,1240225,1707208,11107884,870464,11348885,68141,64102634,39654,26,844049,165,6631,1000,20316,3861380,2543,4.58,109.99,225.0,5400.0,56870,29844,3845,401,15501,614,5826,1003
2022-03-17 01:00:00,385.78,381.9,384.29,3835.89,1471790.47,384.87,direct,,515272,151102,103116,11508170,37760027,1240228,1707211,11107923,870469,11348959,68141,64102958,39654,26,844049,165,6631,1000,20316,3861380,2543,4.38,105.17,153.52,3684.43,56870,29844,3845,401,15501,614,5826,1003
2022-03-17 02:00:00,384.61,383.46,384.87,6214.43,2388080.85,384.28,multiply,BTC,515273,151102,103116,11508180,37760229,1240228,1707217,11107964,870469,11348995,68141,64103243,39654,26,844049,165,6631,1000,20316,3861380,2543,4.33,104.02,109.99,2639.78,56870,29844,3845,401,15501,614,5826,1003
2022-03-17 03:00:00,384.25,383.16,384.24,3199.42,1227590.64,383.59,direct,,515273,151102,103116,11508180,37760439,1240231,1707220,11108015,870469,11349050,68141,64103565,39654,26,844049,165,6631,1000,20316,3861380,2543,4.18,100.39,179.73,4313.53,56870,29844,3845,401,15501,614,5826,1003
2022-03-17 04:00:00,387.69,386.33,383.56,4329.85,1677211.07,387.36,multiply,BTC,515273,151102,103117,11508205,37760608,1240233,1707224,11108052,870469,11349086,68141,64103813,39654,26,844049,165,6631,1000,20316,3861380,2543,4.24,101.87,142.52,3420.43,56870,29844,3845,401,15501,614,5826,1003
2022-03-17 05:00:00,388.79,386.09,387.16,6002.19,2326591.2,386.2,direct,,515274,151104,103117,11508265,37760804,1240234,1707229,11108098,870470,11349142,68141,64104118,39654,26,844049,165,6631,1000,20316,3861380,2543,4.59,110.23,145.4,3489.5,56870,29844,3845,401,15501,614,5826,1003
2022-03-17 06:00:00,387.42,383.94,386.2,3997.55,1541220.41,385.49,direct,,515274,151105,103117,11508290,37761047,1240235,1707231,11108150,870473,11349214,68141,64104491,39654,26,844049,165,6631,1000,20316,3861380,2543,4.54,108.86,151.39,3633.31,56870,29844,3845,401,15501,614,5826,1003
2022-03-17 07:00:00,385.9,383.82,385.49,7707.84,2966608.18,384.88,multiply,BTC,515278,151107,103117,11508380,37761322,1240238,1707231,11108189,870474,11349327,68141,64104922,39654,26,844049,165,6631,1000,20316,3861380,2543,4.57,109.64,87.63,2103.21,56870,29844,3845,401,15501,614,5826,1003
2022-03-17 08:00:00,385.42,384.35,384.79,2077.54,799652.84,385.1,direct,,515283,151107,103117,11508430,37761598,1240239,1707233,11108252,870477,11349399,68142,64105340,39654,26,844049,165,6631,1000,20316,3861380,2543,4.78,114.77,89.98,2159.46,56870,29844,3845,401,15501,614,5826,1003
2022-03-17 09:00:00,385.96,384.34,385.1,2963.66,1141336.4,385.54,direct,,515287,151111,103119,11508620,37761871,1240241,1707236,11108320,870479,11349491,68142,64105780,39654,26,844049,165,6631,1000,20316,3861380,2543,4.54,108.95,102.89,2469.28,56870,29844,3845,401,15501,614,5826,1003
2022-03-17 10:00:00,385.54,383.0,385.54,4743.69,1820763.68,384.73,direct,,515290,151111,103119,11508650,37762138,1240248,1707237,11108392,870484,11349573,68142,64106214,39654,26,844049,165,6631,1000,20316,3861380,2543,4.64,111.31,91.0,2184.02,56870,29844,3845,401,15501,614,5826,1003
2022-03-17 11:00:00,385.24,383.6,384.73,3208.2,1233752.85,384.99,direct,,515292,151113,103119,11508720,37762430,1240255,1707238,11108452,870489,11349677,68143,64106684,39654,26,844049,165,6631,1000,20316,3861380,2543,5.17,124.04,99.5,2388.06,56870,29844,3845,401,15501,614,5826,1003
2022-03-17 12:00:00,393.77,384.8,384.99,12683.97,4950737.81,391.45,direct,,515294,151114,103120,11508790,37762706,1240256,1707243,11108526,870493,11349773,68144,64107141,39654,26,844049,165,6631,1000,20316,3861380,2543,5.17,124.04,136.99,3287.67,56870,29844,3845,401,15501,614,5826,1003
2022-03-17 13:00:00,393.71,389.82,391.45,7016.29,2745226.22,391.01,direct,,515302,151114,103121,11508895,37763041,1240258,1707246,11108582,870495,11349868,68144,64107634,39654,26,844049,165,6631,1000,20316,3861380,2543,4.81,115.54,119.76,2874.25,56870,29844,3845,401,15501,614,5826,1003
2022-03-17 14:00:00,391.97,386.55,391.01,5094.5,1981540.25,387.19,direct,,515305,151115,103121,11508950,37763419,1240265,1707254,11108665,870498,11349990,68144,64108235,39654,26,844049,165,6631,1000,20316,3861380,2543,4.64,111.39,156.93,3766.35,56870,29844,3845,401,15501,614,5826,1003
2022-03-17 15:00:00,389.05,387.19,387.19,3920.39,1521510.24,387.51,direct,,515312,151117,103121,11509070,37763749,1240271,1707260,11108731,870501,11350089,68144,64108745,39654,26,844049,165,6631,1000,20316,3861380,2543,3.8,91.23,242.26,5814.27,56870,29844,3845,401,15501,614,5826,1003
2022-03-17 16:00:00,389.5,387.06,387.51,2931.3,1138349.55,388.19,direct,,515320,151118,103123,11509225,37764101,1240277,1707264,11108813,870506,11350191,68145,64109297,39654,26,844049,165,6631,1000,20316,3861380,2543,4.41,105.92,225.99,5423.73,56870,29844,3845,401,15501,614,5826,1003
2022-03-17 17:00:00,389.09,386.1,388.19,3324.39,1289571.08,388.94,direct,,515321,151119,103124,11509285,37764408,1240284,1707270,11108869,870513,11350288,68145,64109777,39654,26,844049,165,6631,1000,20316,3861380,2543,4.32,103.71,168.46,4043.05,56870,29844,3845,401,15501,614,5826,1003
2022-03-17 18:00:00,389.41,388.01,388.94,1803.28,701044.81,388.37,direct,,515322,151122,103126,11509420,37764726,1240291,1707274,11108943,870515,11350404,68147,64110300,39654,26,844049,165,6631,1000,20316,3861380,2543,4.46,107.08,159.5,3828.09,56870,29844,3845,401,15501,614,5826,1003
2022-03-17 19:00:00,390.22,388.37,388.37,2790.35,1086573.09,389.66,direct,,515325,151122,103129,11509525,37765039,1240295,1707276,11109012,870520,11350522,68148,64110812,39654,26,844049,165,6631,1000,20316,3861380,2543,4.38,105.01,201.68,4840.34,56870,29844,3845,401,15501,614,5826,1003
2022-03-17 20:00:00,389.84,387.36,389.66,2200.31,853764.81,387.55,direct,,515306,151111,103130,11509085,37765327,1240297,1707281,11109070,870522,11350614,68148,64111259,39654,26,844049,165,6631,1000,20316,3861380,2543,4.52,108.52,253.34,6080.23,56870,29844,3845,401,15501,614,5826,1003
2022-03-17 21:00:00,390.87,390.05,387.66,2825.53,1102088.6,390.05,multiply,BTC,515309,151111,103130,11509115,37765630,1240298,1707286,11109117,870527,11350723,68149,64111730,39654,26,844049,165,6631,1000,20316,3861380,2543,4.47,107.19,224.02,5376.48,56870,29844,3845,401,15501,614,5826,1003
2022-03-17 22:00:00,391.56,389.84,390.05,3532.82,1383163.23,391.52,multiply,BTC,515314,151111,103133,11509240,37765870,1240302,1707288,11109186,870536,11350808,68149,64112139,39654,26,844049,165,6631,1000,20316,3861380,2543,4.64,111.32,217.79,5226.86,56870,29844,3845,401,15501,614,5826,1003
2022-03-17 23:00:00,392.12,390.89,391.52,5478.53,2147794.1,392.04,multiply,BTC,515319,151112,103135,11509365,37766141,1240304,1707290,11109252,870540,11350900,68149,64112576,39654,26,844049,165,6631,1000,20316,3861380,2543,4.33,103.98,157.07,3769.63,56870,29844,3845,401,15501,614,5826,1003
2022-03-18 00:00:00,392.8,386.38,392.14,6440.14,2508813.48,386.6,direct,,515322,151112,103135,11509395,37766366,1240309,1707291,11109278,870540,11350963,68149,64112896,39654,26,844049,165,6631,1000,20316,3861380,2543,4.24,101.87,129.12,3099.0,56870,29844,3845,401,15501,614,5826,1003
2022-03-18 01:00:00,388.01,386.05,386.6,4801.45,1858788.89,387.86,direct,,515324,151113,103135,11509440,37766577,1240312,1707294,11109314,870543,11351005,68150,64113195,39654,26,844049,165,6631,1000,20316,3861380,2543,4.5,107.94,123.33,2959.92,56870,29844,3845,401,15501,614,5826,1003
2022-03-18 02:00:00,387.98,385.02,387.86,2965.41,1144282.46,385.23,direct,,515328,151113,103136,11509505,37766787,1240314,1707295,11109364,870544,11351054,68150,64113508,39654,26,844049,165,6631,1000,20316,3861380,2543,4.54,109.0,140.46,3371.05,56870,29844,3845,401,15501,614,5826,1003
2022-03-18 03:00:00,385.79,384.23,385.23,2986.81,1150207.56,385.39,direct,,515329,151114,103137,11509565,37766947,1240315,1707296,11109394,870544,11351089,68150,64113735,39654,26,844049,165,6631,1000,20316,3861380,2543,4.34,104.26,126.18,3028.39,56870,29844,3845,401,15501,614,5826,1003
2022-03-18 04:00:00,386.52,384.44,385.39,2713.29,1046165.53,386.09,direct,,515329,151114,103139,11509615,37767113,1240321,1707301,11109424,870545,11351114,68150,64113968,39654,26,844049,165,6631,1000,20316,3861380,2543,4.37,104.82,107.98,2591.48,56870,29844,3845,401,15501,614,5826,1003
2022-03-18 05:00:00,388.2,386.09,386.09,4321.74,1672973.99,388.02,direct,,515329,151114,103139,11509615,37767269,1240325,1707306,11109451,870546,11351143,68150,64114190,39654,26,844049,165,6631,1000,20316,3861380,2543,4.41,105.81,84.59,2030.08,56870,29844,3845,401,15501,614,5826,1003
2022-03-18 06:00:00,388.98,387.18,388.02,3951.0,1533738.82,387.78,direct,,515331,151115,103141,11509710,37767451,1240326,1707307,11109511,870546,11351191,68151,64114483,39654,26,844049,165,6631,1000,20316,3861380,2543,4.26,102.33,99.28,2382.79,56870,29844,3845,401,15501,614,5826,1003
2022-03-18 07:00:00,388.21,386.64,387.78,3533.73,1368568.68,387.12,direct,,515332,151116,103142,11509770,37767670,1240331,1707308,11109558,870547,11351253,68151,64114818,39654,26,844049,165,6631,1000,20316,3861380,2543,4.33,103.85,111.25,2669.96,56870,29844,3845,401,15501,614,5826,1003
2022-03-18 08:00:00,389.83,386.69,387.12,4422.27,1717720.1,388.23,direct,,515334,151117,103143,11509840,37767902,1240336,1707310,11109614,870552,11351320,68151,64115185,39654,26,844049,165,6631,1000,20316,3861380,2543,4.36,104.64,103.78,2490.63,56870,29844,3845,401,15501,614,5826,1003
2022-03-18 09:00:00,389.04,385.95,388.23,3896.7,1509858.23,386.09,direct,,515335,151117,103145,11509900,37768126,1240336,1707310,11109667,870556,11351391,68151,64115537,39654,26,844049,165,6631,1000,20316,3861380,2543,4.25,101.96,76.19,1828.57,56870,29844,3845,401,15501,614,5826,1003
2022-03-18 10:00:00,385.7,384.73,386.31,5879.95,2266476.36,385.46,multiply,BTC,515337,151118,103146,11509970,37768362,1240336,1707313,11109718,870563,11351459,68152,64115903,39654,26,844049,165,6631,1000,20316,3861380,2543,4.14,99.45,72.98,1751.47,56870,29844,3845,401,15501,614,5826,1003
2022-03-18 11:00:00,386.59,385.46,385.46,5065.89,1955539.68,386.02,multiply,BTC,515338,151119,103146,11510005,37768576,1240342,1707314,11109775,870564,11351534,68154,64116259,39654,26,844049,165,6631,1000,20316,3861380,2543,4.11,98.66,128.02,3072.55,56870,29844,3845,401,15501,614,5826,1003
2022-03-18 12:00:00,387.62,385.37,385.9,3242.67,1254172.78,386.61,direct,,515341,151121,103146,11510085,37768857,1240344,1707319,11109848,870566,11351634,68154,64116722,39654,26,844049,165,6631,1000,20316,3861380,2543,4.04,97.07,128.62,3086.82,56870,29844,3845,401,15501,614,5826,1003
2022-03-18 13:00:00,388.78,385.72,386.61,4992.43,1934055.81,388.6,direct,,515356,151122,103146,11510260,37769124,1240352,1707320,11109911,870570,11351718,68155,64117150,39654,26,844049,165,6631,1000,20316,3861380,2543,3.97,95.25,147.72,3545.34,56870,29844,3845,401,15501,614,5826,1003
2022-03-18 14:00:00,390.29,388.31,388.6,6443.73,2509309.3,389.62,direct,,515380,151123,103148,11510575,37769445,1240356,1707325,11109979,870577,11351812,68155,64117649,39654,26,844049,165,6631,1000,20316,3861380,2543,3.96,94.98,118.11,2834.65,56870,29844,3845,401,15501,614,5826,1003
2022-03-18 15:00:00,394.36,389.56,389.62,6503.32,2546916.72,393.46,direct,,515406,151123,103149,11510860,37769747,1240360,1707330,11110048,870584,11351893,68155,64118117,39654,26,844049,165,6631,1000,20316,3861380,2543,4.09,98.07,116.77,2802.47,56870,29844,3845,401,15501,614,5826,1003
2022-03-18 16:00:00,397.47,393.46,393.46,9508.83,3760690.06,394.8,direct,,515442,151123,103149,11511220,37770066,1240365,1707333,11110121,870587,11351997,68155,64118624,39654,26,844049,165,6631,1000,20316,3861380,2543,4.18,100.29,108.7,2608.7,56870,29844,3845,401,15501,614,5826,1003
2022-03-18 17:00:00,398.24,394.69,394.8,4257.22,1688769.82,397.24,direct,,515506,151126,103152,11512010,37770431,1240370,1707340,11110220,870590,11352125,68155,64119231,39654,26,844049,165,6631,1000,20316,3861380,2543,4.01,96.27,119.24,2861.87,56870,29844,3845,401,15501,614,5826,1003
2022-03-18 18:00:00,398.36,395.76,397.24,3269.85,1297804.35,396.09,direct,,515523,151130,103151,11512255,37770850,1240376,1707343,11110320,870591,11352246,68155,64119881,39654,26,844049,165,6631,1000,20316,3861380,2543,3.97,95.27,143.03,3432.66,56870,29844,3845,401,15501,614,5826,1003
2022-03-18 19:00:00,399.67,395.66,396.09,4540.07,1804899.38,399.58,direct,,515530,151131,103151,11512350,37771243,1240380,1707345,11110406,870591,11352348,68156,64120469,39654,26,844049,165,6631,1000,20316,3861380,2543,3.92,94.08,130.72,3137.25,56870,29844,3845,401,15501,614,5826,1003
2022-03-18 20:00:00,400.87,397.34,399.58,7290.6,2909272.69,397.41,direct,,515538,151133,103152,11512505,37771619,1240383,1707352,11110524,870595,11352467,68156,64121096,39654,26,844049,165,6631,1000,20316,3861380,2543,3.95,94.85,162.97,3911.27,56870,29844,3845,401,15501,614,5826,1003
2022-03-18 21:00:00,398.36,396.07,397.41,2777.02,1102177.2,397.08,direct,,515542,151134,103156,11512670,37771966,1240387,1707360,11110630,870601,11352583,68156,64121683,39654,26,844049,165,6631,1000,20316,3861380,2543,3.82,91.69,163.56,3925.49,56870,29844,3845,401,15501,614,5826,1003
2022-03-18 22:00:00,397.74,395.77,397.08,2188.42,868105.85,396.0,direct,,515545,151136,103157,11512775,37772298,1240391,1707365,11110705,870606,11352679,68156,64122200,39654,26,844049,165,6631,1000,20316,3861380,2543,3.78,90.61,173.75,4169.88,56870,29844,3845,401,15501,614,5826,1003
2022-03-18 23:00:00,398.02,395.91,396.0,2704.46,1075339.18,397.44,direct,,515548,151135,103157,11512780,37772580,1240391,1707366,11110779,870609,11352749,68156,64122630,39654,26,844049,165,6631,1000,20316,3861380,2543,3.69,88.63,140.08,3361.87,56870,29844,3845,401,15501,614,5826,1003
2022-03-19 00:00:00,400.2,397.27,397.44,3504.0,1398664.02,400.01,direct,,515551,151137,103158,11512885,37772811,1240394,1707367,11110843,870611,11352825,68156,64123007,39654,26,844049,165,6631,1000,20316,3861380,2543,3.69,88.63,185.66,4455.91,56870,29844,3845,401,15501,614,5826,1003
2022-03-19 01:00:00,400.9,398.48,400.01,2988.69,1193802.25,400.33,direct,,515551,151137,103158,11512885,37773032,1240399,1707369,11110877,870613,11352890,68156,64123336,39654,26,844049,165,6631,1000,20316,3861380,2543,3.56,85.54,191.59,4598.19,56870,29844,3845,401,15501,614,5826,1003
2022-03-19 02:00:00,400.33,398.37,400.33,2905.54,1159251.5,399.21,direct,,515552,151137,103159,11512920,37773232,1240400,1707370,11110913,870613,11352934,68156,64123618,39654,26,844049,165,6631,1000,20316,3861380,2543,3.54,85.06,176.3,4231.15,56870,29844,3845,401,15501,614,5826,1003
2022-03-19 03:00:00,399.68,398.22,399.23,8130.08,3239568.8,398.47,multiply,BTC,515552,151137,103159,11512920,37773390,1240404,1707370,11110949,870613,11352963,68157,64123846,39654,26,844049,165,6631,1000,20316,3861380,2543,3.65,87.59,160.07,3841.71,56870,29844,3845,401,15501,614,5826,1003
2022-03-19 04:00:00,399.02,397.41,398.55,2357.24,938861.39,397.85,direct,,515553,151139,103160,11513005,37773534,1240408,1707370,11110992,870615,11352990,68157,64124066,39654,26,844049,165,6631,1000,20316,3861380,2543,3.63,87.08,169.73,4073.55,56870,29844,3845,401,15501,614,5826,1003
2022-03-19 05:00:00,397.55,396.88,397.67,2779.94,1104814.6,397.42,multiply,BTC,515558,151142,103161,11513155,37773691,1240409,1707373,11111021,870616,11353025,68157,64124292,39654,26,844049,165,6631,1000,20316,3861380,2543,3.53,84.76,109.69,2632.54,56870,29844,3845,401,15501,614,5826,1003
2022-03-19 06:00:00,398.38,397.18,397.5,1636.11,650803.31,397.59,direct,,515560,151142,103161,11513175,37773883,1240412,1707375,11111053,870617,11353073,68157,64124570,39654,26,844049,165,6631,1000,20316,3861380,2543,3.49,83.68,123.33,2959.92,56870,29844,3845,401,15501,614,5826,1003
2022-03-19 07:00:00,396.13,395.38,397.54,5177.36,2047883.68,395.55,multiply,BTC,515561,151142,103161,11513185,37774079,1240414,1707375,11111103,870619,11353131,68157,64124878,39654,26,844049,165,6631,1000,20316,3861380,2543,3.37,80.85,99.78,2394.68,56870,29844,3845,401,15501,614,5826,1003
2022-03-19 08:00:00,397.14,396.3,395.55,3031.32,1203725.53,397.1,multiply,BTC,515568,151142,103162,11513280,37774318,1240416,1707378,11111149,870622,11353209,68157,64125249,39654,26,844049,165,6631,1000,20316,3861380,2543,3.34,80.25,121.95,2926.83,56870,29844,3845,401,15501,614,5826,1003
2022-03-19 09:00:00,399.35,396.68,397.1,5065.16,2022755.37,399.35,multiply,BTC,515572,151143,103163,11513370,37774580,1240418,1707385,11111180,870624,11353279,68157,64125623,39654,26,844049,165,6631,1000,20316,3861380,2543,3.34,80.05,107.82,2587.6,56870,29844,3845,401,15501,614,5826,1003
2022-03-19 10:00:00,399.68,398.84,399.35,3531.28,1409602.47,399.18,multiply,BTC,515573,151144,103164,11513430,37774795,1240422,1707387,11111253,870627,11353344,68158,64125986,39654,26,844049,165,6631,1000,20316,3861380,2543,3.26,78.23,80.63,1935.05,56870,29844,3845,401,15501,614,5826,1003
2022-03-19 11:00:00,402.09,399.37,399.18,12274.58,4924681.21,401.21,multiply,BTC,515575,151146,103165,11513525,37775020,1240425,1707389,11111317,870631,11353409,68158,64126349,39654,26,844049,165,6631,1000,20316,3861380,2543,3.19,76.59,115.83,2779.92,56870,29844,3845,401,15501,614,5826,1003
2022-03-19 12:00:00,405.15,402.1,401.21,12774.6,5167111.43,404.48,multiply,BTC,515581,151146,103165,11513585,37775264,1240427,1707392,11111369,870632,11353487,68158,64126729,39654,26,844049,165,6631,1000,20316,3861380,2543,3.18,76.31,157.55,3781.18,56870,29844,3845,401,15501,614,5826,1003
2022-03-19 13:00:00,404.85,402.27,404.48,9207.36,3714571.04,403.43,multiply,BTC,515585,151147,103166,11513675,37775548,1240433,1707394,11111439,870638,11353584,68158,64127194,39654,26,844049,165,6631,1000,20316,3861380,2543,3.34,80.23,161.87,3884.89,56870,29844,3845,401,15501,614,5826,1003
2022-03-19 14:00:00,405.2,402.51,403.33,2954.1,1192867.69,405.11,direct,,515588,151147,103169,11513780,37775823,1240435,1707396,11111491,870639,11353647,68158,64127589,39654,26,844049,165,6631,1000,20316,3861380,2543,3.48,83.45,178.93,4294.23,56870,29844,3845,401,15501,614,5826,1003
2022-03-19 15:00:00,407.06,402.23,405.08,14355.93,5792435.08,403.49,multiply,BTC,515590,151149,103171,11513900,37776117,1240436,1707398,11111562,870640,11353728,68158,64128039,39654,26,844049,165,6631,1000,20316,3861380,2543,3.56,85.49,177.69,4264.56,56870,29844,3845,401,15501,614,5826,1003
2022-03-19 16:00:00,406.37,402.52,403.43,4667.21,1888812.29,404.74,direct,,515606,151153,103171,11514160,37776492,1240438,1707402,11111646,870641,11353828,68158,64128605,39654,26,844049,165,6631,1000,20316,3861380,2543,3.71,88.98,171.92,4126.07,56870,29844,3845,401,15501,614,5826,1003
2022-03-19 17:00:00,404.83,402.06,404.74,6235.55,2513883.02,402.33,direct,,515618,151153,103171,11514280,37776840,1240440,1707404,11111738,870641,11353944,68158,64129165,39654,26,844049,165,6631,1000,20316,3861380,2543,3.8,91.13,151.32,3631.78,56870,29844,3845,401,15501,614,5826,1003
2022-03-19 18:00:00,402.4,400.9,402.33,3343.92,1342672.24,402.13,direct,,515625,151153,103172,11514375,37777209,1240441,1707414,11111812,870641,11354038,68158,64129713,39654,26,844049,165,6631,1000,20316,3861380,2543,3.79,91.05,210.28,5046.73,56870,29844,3845,401,15501,614,5826,1003
2022-03-19 19:00:00,402.16,398.95,402.13,6720.68,2688639.13,399.28,direct,,515628,151153,103173,11514430,37777497,1240443,1707420,11111865,870641,11354117,68158,64130141,39654,26,844049,165,6631,1000,20316,3861380,2543,3.87,92.84,205.25,4925.88,56870,29844,3845,401,15501,614,5826,1003
2022-03-19 20:00:00,401.19,397.38,399.28,5522.31,2208229.2,400.74,direct,,515642,151156,103174,11514670,37777818,1240445,1707422,11111923,870641,11354227,68158,64130634,39654,26,844049,165,6631,1000,20316,3861380,2543,3.83,91.85,127.8,3067.09,56870,29844,3845,401,15501,614,5826,1003
2022-03-19 21:00:00,402.8,400.59,400.74,4804.7,1931628.12,400.97,direct,,515674,151156,103176,11515040,37778203,1240445,1707423,11111992,870644,11354322,68158,64131187,39654,26,844049,165,6631,1000,20316,3861380,2543,3.67,88.16,170.7,4096.73,56870,29844,3845,401,15501,614,5826,1003
2022-03-19 22:00:00,401.01,396.23,400.97,7568.02,3012693.98,399.15,direct,,515701,151157,103178,11515385,37778573,1240451,1707425,11112067,870647,11354449,68158,64131770,39654,26,844049,165,6631,1000,20316,3861380,2543,3.64,87.47,168.46,4043.05,56870,29844,3845,401,15501,614,5826,1003
2022-03-19 23:00:00,400.76,398.16,399.15,4179.84,1670976.57,400.1,direct,,515703,151159,103178,11515455,37778926,1240454,1707426,11112145,870650,11354525,68158,64132284,39654,26,844049,165,6631,1000,20316,3861380,2543,3.57,85.62,122.66,2943.78,56870,29844,3845,401,15501,614,5826,1003
2022-03-20 00:00:00,400.97,396.41,400.1,6016.71,2396571.4,398.28,direct,,515704,151159,103179,11515490,37779153,1240459,1707431,11112195,870650,11354605,68158,64132651,39654,26,844049,165,6631,1000,20316,3861380,2543,3.52,84.48,126.23,3029.45,56870,29844,3845,401,15501,614,5826,1003
2022-03-20 01:00:00,398.66,393.42,398.28,5073.14,2004940.21,395.82,direct,,515709,151160,103179,11515565,37779396,1240463,1707432,11112233,870651,11354668,68158,64133001,39654,26,844049,165,6631,1000,20316,3861380,2543,3.49,83.69,92.93,2230.25,56870,29844,3845,401,15501,614,5826,1003
2022-03-20 02:00:00,396.56,394.64,395.82,2283.02,903291.22,394.83,direct,,515709,151160,103179,11515565,37779591,1240466,1707436,11112275,870653,11354732,68158,64133311,39654,26,844049,165,6631,1000,20316,3861380,2543,3.45,82.8,145.45,3490.91,56870,29844,3845,401,15501,614,5826,1003
