open,high,close,low,volumeto,reddit_active_users,reddit_posts_per_hour,posts,total_page_views,predict,extra_predict,realbody,trend1,trend2,close_forward,MorningStar,MorningStar_good,MorningStar_bad,EveningStar,EveningStar_good,EveningStar_bad
2715.09,2726.61,2723.7,2707.94,22049976.32,2543,3.92,150912,64016270,2,,8.609999999999673,,,2735.5,,,,,,
2723.7,2747.51,2746.45,2718.3,37234152.0,2543,4.29,150913,64016936,2,,22.75,,,2756.43,,,,,,
2746.45,2764.71,2759.13,2728.98,40005392.8,2543,4.46,150914,64017585,2,,12.680000000000291,,,2746.97,,,,,,
2759.13,2767.0,2755.04,2753.96,18280102.03,2543,4.47,150919,64018370,2,,-4.0900000000001455,,,2744.95,0.0,0.0,0.0,0.0,0.0,0.0
2755.04,2760.1,2758.89,2745.49,19504921.7,2543,4.43,150920,64019034,2,,3.849999999999909,,,2711.37,0.0,0.0,0.0,0.0,0.0,0.0
2758.89,2763.65,2747.64,2741.08,29221456.98,2543,4.4,150924,64019755,2,,-11.25,,,2715.87,0.0,0.0,0.0,0.0,0.0,0.0
2747.64,2765.18,2740.54,2734.55,38894653.79,2543,4.7,150924,64020491,2,,-7.099999999999909,1.0,,2685.54,0.0,0.0,0.0,0.0,0.0,0.0
2740.54,2743.04,2724.83,2716.23,33861999.47,2543,4.7,150928,64021230,2,,-15.710000000000036,-1.0,-1.0,2708.46,0.0,0.0,0.0,0.0,0.0,0.0
2724.83,2743.62,2735.5,2723.59,46029945.31,2543,4.73,150930,64021891,2,,10.670000000000073,-1.0,-1.0,2717.19,0.0,0.0,0.0,0.0,0.0,0.0
2735.5,2762.01,2756.43,2733.42,43631170.1,2543,4.84,150918,64022656,2,2.0,20.929999999999836,-1.0,-1.0,2733.05,0.0,0.0,0.0,0.0,0.0,0.0
2756.43,2757.26,2746.97,2743.1,29950097.46,2543,4.73,150922,64023326,2,2.0,-9.460000000000036,-1.0,-1.0,2710.61,0.0,0.0,0.0,0.0,0.0,0.0
2746.97,2751.52,2744.95,2736.02,29120630.03,2543,4.75,150922,64024048,2,2.0,-2.019999999999982,1.0,-1.0,2667.23,0.0,0.0,0.0,0.0,0.0,0.0
2744.95,2745.35,2711.37,2704.05,50969715.26,2543,4.73,150926,64024640,2,2.0,-33.57999999999993,-1.0,-1.0,2667.17,0.0,0.0,0.0,0.0,0.0,0.0
2711.37,2717.55,2715.87,2683.7,57343230.84,2543,4.76,150928,64025256,2,2.0,4.5,-1.0,-1.0,2665.02,0.0,0.0,0.0,0.0,0.0,0.0
2715.87,2724.81,2685.54,2683.05,35053720.62,2543,5.11,150929,64025901,2,2.0,-30.329999999999927,-1.0,-1.0,2606.21,0.0,0.0,0.0,0.0,0.0,0.0
2685.54,2711.04,2708.46,2684.95,26315465.19,2543,5.51,150930,64026562,2,2.0,22.920000000000073,-1.0,-1.0,2594.67,0.0,0.0,0.0,0.0,0.0,0.0
2708.46,2727.82,2717.19,2707.24,13793759.15,2543,5.4,150932,64027039,0,0.0,8.730000000000018,-1.0,-1.0,2595.54,2.0,0.0,1.0,0.0,0.0,0.0
2717.19,2734.54,2733.05,2710.94,11425493.55,2543,5.12,150934,64027490,2,2.0,15.860000000000127,-1.0,-1.0,2593.46,0.0,0.0,0.0,0.0,0.0,0.0
2733.05,2733.49,2710.61,2707.87,22134325.93,2543,5.2,150934,64027886,2,2.0,-22.440000000000055,1.0,-1.0,2600.38,0.0,0.0,0.0,0.0,0.0,0.0
2710.61,2725.16,2667.23,2662.2,52086156.5,2543,5.33,150935,64028188,2,2.0,-43.38000000000011,-1.0,-1.0,2603.03,0.0,0.0,0.0,0.0,0.0,0.0
2667.23,2674.35,2667.17,2661.48,29448372.88,2543,5.33,150936,64028555,2,2.0,-0.05999999999994543,-1.0,-1.0,2592.22,0.0,0.0,0.0,0.0,0.0,0.0
2667.17,2673.78,2665.02,2659.09,18297044.87,2543,4.9,150938,64028907,2,2.0,-2.150000000000091,-1.0,-1.0,2595.52,0.0,0.0,0.0,0.0,0.0,0.0
2665.02,2665.05,2606.21,2603.88,75290144.56,2543,4.78,150938,64029210,2,1.0,-58.809999999999945,-1.0,-1.0,2602.46,0.0,0.0,0.0,0.0,0.0,0.0
2606.21,2607.13,2594.67,2588.08,144062528.86,2543,4.84,150938,64029647,2,2.0,-11.539999999999964,-1.0,-1.0,2583.97,0.0,0.0,0.0,0.0,0.0,0.0
2594.67,2598.64,2595.54,2580.05,38048573.07,2543,4.77,150938,64030205,2,2.0,0.8699999999998909,-1.0,-1.0,2597.42,0.0,0.0,0.0,0.0,0.0,0.0
2595.54,2601.86,2593.46,2585.93,23028117.0,2543,4.73,150939,64030838,0,0.0,-2.0799999999999272,-1.0,-1.0,2598.97,0.0,0.0,0.0,0.0,0.0,0.0
2593.46,2600.8,2600.38,2580.63,33462684.58,2543,4.6,150942,64031425,2,2.0,6.920000000000073,-1.0,-1.0,2596.32,0.0,0.0,0.0,0.0,0.0,0.0
2600.38,2610.47,2603.03,2589.63,39345637.51,2543,4.49,150942,64032049,0,0.0,2.650000000000091,-1.0,-1.0,2594.36,2.0,0.0,1.0,0.0,0.0,0.0
2603.03,2603.92,2592.22,2589.67,25481981.4,2543,4.52,150945,64032533,2,2.0,-10.8100000000004,-1.0,-1.0,2600.96,0.0,0.0,0.0,0.0,0.0,0.0
2592.22,2598.91,2595.52,2585.42,14366943.68,2543,4.34,150949,64033069,2,2.0,3.300000000000182,1.0,-1.0,2615.44,0.0,0.0,0.0,0.0,0.0,0.0
2595.52,2611.48,2602.46,2588.04,32899505.36,2543,4.52,150953,64033642,0,0.0,6.940000000000055,1.0,1.0,2620.45,2.0,0.0,1.0,0.0,0.0,0.0
2602.46,2638.21,2583.97,2576.72,77016159.2,2543,4.47,150955,64034175,2,2.0,-18.490000000000236,-1.0,-1.0,2605.39,0.0,0.0,0.0,0.0,0.0,0.0
2583.97,2600.0,2597.42,2565.89,37293631.35,2543,4.47,150959,64034888,2,2.0,13.450000000000273,-1.0,-1.0,2614.05,0.0,0.0,0.0,0.0,0.0,0.0
2597.42,2621.94,2598.97,2589.5,48365296.87,2543,4.35,150960,64035551,2,2.0,1.5499999999997272,-1.0,-1.0,2608.64,0.0,0.0,0.0,0.0,0.0,0.0
2598.97,2606.55,2596.32,2587.16,27530026.25,2543,4.28,150960,64036213,2,2.0,-2.649999999999636,1.0,-1.0,2593.7,0.0,0.0,0.0,0.0,0.0,0.0
2596.32,2605.49,2594.36,2588.36,46759175.23,2543,4.23,150962,64036880,2,2.0,-1.9600000000000364,-1.0,1.0,2564.55,0.0,0.0,0.0,0.0,0.0,0.0
2594.36,2604.37,2600.96,2588.62,25732817.24,2543,4.08,150963,64037438,2,2.0,6.599999999999909,1.0,1.0,2533.87,0.0,0.0,0.0,0.0,0.0,0.0
2600.96,2617.5,2615.44,2595.57,28999753.88,2543,4.0,150967,64037995,2,2.0,14.480000000000018,1.0,1.0,2548.52,0.0,0.0,0.0,0.0,0.0,0.0
2615.44,2622.18,2620.45,2604.81,21469400.22,2543,4.06,150971,64038528,2,2.0,5.0099999999997635,1.0,1.0,2543.17,0.0,0.0,0.0,0.0,0.0,0.0
2620.45,2622.5,2605.39,2605.02,15891704.28,2543,4.09,150972,64039063,2,2.0,-15.059999999999945,1.0,1.0,2563.67,0.0,0.0,0.0,1.0,1.0,0.0
2605.39,2615.63,2614.05,2598.12,12290381.29,2543,4.61,150974,64039549,2,2.0,8.66000000000031,1.0,1.0,2582.8,0.0,0.0,0.0,0.0,0.0,0.0
2614.05,2619.69,2608.64,2607.4,14190083.39,2543,4.75,150974,64039934,2,2.0,-5.410000000000309,1.0,1.0,2610.36,0.0,0.0,0.0,0.0,0.0,0.0
2608.64,2611.46,2593.7,2590.97,19202587.03,2543,5.1,150974,64040253,1,1.0,-14.940000000000055,-1.0,1.0,2601.51,0.0,0.0,0.0,0.0,0.0,0.0
2593.7,2596.62,2564.55,2563.92,34074700.09,2543,5.02,150974,64040540,2,2.0,-29.149999999999636,-1.0,-1.0,2601.7,0.0,0.0,0.0,0.0,0.0,0.0
2564.55,2568.44,2533.87,2532.55,54188666.74,2543,4.92,150974,64040894,2,2.0,-30.68000000000029,-1.0,-1.0,2601.21,0.0,0.0,0.0,0.0,0.0,0.0
2533.87,2552.02,2548.52,2528.3,27191707.5,2543,5.17,150974,64041278,2,2.0,14.650000000000091,-1.0,-1.0,2657.29,0.0,0.0,0.0,0.0,0.0,0.0
2548.52,2553.29,2543.17,2538.29,16197489.46,2543,4.92,150975,64041561,0,0.0,-5.349999999999909,-1.0,-1.0,2652.28,0.0,0.0,0.0,0.0,0.0,0.0
2543.17,2564.01,2563.67,2538.09,14032043.8,2543,4.7,150975,64041884,2,2.0,20.5,-1.0,-1.0,2621.88,0.0,0.0,0.0,0.0,0.0,0.0
2563.67,2589.44,2582.8,2562.43,22328007.34,2543,4.87,150979,64042235,0,0.0,19.13000000000011,-1.0,-1.0,2609.12,1.0,1.0,0.0,0.0,0.0,0.0
2582.8,2617.71,2610.36,2582.54,29750095.71,2543,5.04,150979,64042631,0,0.0,27.559999999999945,1.0,1.0,2584.55,0.0,0.0,0.0,0.0,0.0,0.0
2610.36,2613.54,2601.51,2593.16,16206178.62,2543,4.91,150979,64043064,2,2.0,-8.849999999999909,1.0,1.0,2559.73,0.0,0.0,0.0,0.0,0.0,0.0
2601.51,2610.03,2601.7,2593.83,13453491.56,2543,4.68,150980,64043492,2,2.0,0.18999999999959982,1.0,1.0,2563.56,0.0,0.0,0.0,0.0,0.0,0.0
2601.7,2608.8,2601.21,2598.91,18597639.55,2543,4.5,150982,64043911,2,2.0,-0.4899999999997817,1.0,1.0,2558.17,0.0,0.0,0.0,0.0,0.0,0.0
2601.21,2663.04,2657.29,2585.44,67960580.35,2543,4.5,150983,64044352,2,1.0,56.07999999999993,1.0,1.0,2557.56,0.0,0.0,0.0,0.0,0.0,0.0
2657.29,2667.32,2652.28,2647.14,32349212.04,2543,4.44,150984,64044983,2,2.0,-5.0099999999997635,1.0,1.0,2531.62,0.0,0.0,0.0,0.0,0.0,0.0
2652.28,2654.57,2621.88,2612.8,34485062.56,2543,4.26,150984,64045679,1,1.0,-30.40000000000009,1.0,1.0,2571.86,0.0,0.0,0.0,0.0,0.0,0.0
2621.88,2636.7,2609.12,2606.09,28554667.76,2543,4.12,150989,64046298,2,2.0,-12.760000000000218,1.0,1.0,2570.39,0.0,0.0,0.0,0.0,0.0,0.0
2609.12,2609.34,2584.55,2578.66,50135127.58,2543,4.23,150989,64046847,2,2.0,-24.56999999999971,-1.0,-1.0,2557.57,0.0,0.0,0.0,0.0,0.0,0.0
2584.55,2584.59,2559.73,2553.81,40055935.88,2543,4.5,150992,64047404,2,2.0,-24.820000000000164,-1.0,-1.0,2581.91,0.0,0.0,0.0,0.0,0.0,0.0
2559.73,2565.03,2563.56,2551.09,25326930.96,2543,4.43,150993,64048043,2,2.0,3.8299999999999272,-1.0,-1.0,2588.94,0.0,0.0,0.0,0.0,0.0,0.0
2563.56,2571.41,2558.17,2557.81,23996777.31,2543,4.51,150994,64048591,0,0.0,-5.389999999999873,-1.0,-1.0,2580.04,0.0,0.0,0.0,0.0,0.0,0.0
2558.17,2567.37,2557.56,2554.23,27900223.69,2543,4.39,150993,64049086,0,0.0,-0.6100000000001273,-1.0,-1.0,2584.22,0.0,0.0,0.0,0.0,0.0,0.0
2557.56,2562.13,2531.62,2531.17,33541749.28,2543,4.41,150995,64049553,2,2.0,-25.940000000000055,-1.0,-1.0,2583.98,0.0,0.0,0.0,0.0,0.0,0.0
2531.62,2579.53,2571.86,2530.4,44652205.96,2543,4.25,150996,64050132,2,2.0,40.24000000000024,-1.0,-1.0,2590.61,0.0,0.0,0.0,0.0,0.0,0.0
2571.86,2580.05,2570.39,2567.79,16344028.68,2543,4.42,150998,64050645,0,0.0,-1.4700000000002547,1.0,-1.0,2586.68,0.0,0.0,0.0,0.0,0.0,0.0
2570.39,2570.51,2557.57,2556.56,14561931.01,2543,4.42,150999,64051066,2,2.0,-12.819999999999709,1.0,1.0,2588.93,0.0,0.0,0.0,0.0,0.0,0.0
2557.57,2583.5,2581.91,2555.12,21406196.94,2543,4.18,150999,64051400,2,2.0,24.33999999999969,1.0,1.0,2583.09,0.0,0.0,0.0,0.0,0.0,0.0
2581.91,2593.6,2588.94,2577.26,16717289.44,2543,4.07,150999,64051695,2,0.0,7.0300000000002,1.0,1.0,2589.63,0.0,0.0,0.0,0.0,0.0,0.0
2588.94,2597.03,2580.04,2577.31,17648060.51,2543,4.04,150999,64051969,2,2.0,-8.900000000000091,1.0,1.0,2587.63,0.0,0.0,0.0,0.0,0.0,0.0
2580.04,2594.84,2584.22,2579.1,8527247.66,2543,3.88,150999,64052176,2,2.0,4.179999999999836,1.0,1.0,2578.23,0.0,0.0,0.0,0.0,0.0,0.0
2584.22,2589.99,2583.98,2572.35,9867712.08,2543,4.01,150999,64052418,2,2.0,-0.23999999999978172,1.0,1.0,2589.43,0.0,0.0,0.0,0.0,0.0,0.0
2583.98,2592.1,2590.61,2579.05,8818262.77,2543,3.88,150999,64052650,2,2.0,6.630000000000109,1.0,1.0,2585.94,0.0,0.0,0.0,0.0,0.0,0.0
2590.61,2598.11,2586.68,2584.99,14359265.85,2543,4.06,150999,64052926,2,2.0,-3.930000000000291,1.0,1.0,2573.31,0.0,0.0,0.0,0.0,0.0,0.0
2586.68,2591.9,2588.93,2581.62,4942727.26,2543,3.9,151000,64053203,1,1.0,2.25,1.0,1.0,2587.11,0.0,0.0,0.0,0.0,0.0,0.0
2588.93,2591.12,2583.09,2574.27,9327473.31,2543,3.37,151000,64053526,2,2.0,-5.839999999999691,1.0,1.0,2594.08,0.0,0.0,0.0,0.0,0.0,0.0
2583.09,2591.22,2589.63,2579.75,5247292.44,2543,3.74,151001,64053876,2,2.0,6.539999999999964,1.0,1.0,2590.69,0.0,0.0,0.0,0.0,0.0,0.0
2589.63,2592.17,2587.63,2581.85,3903688.49,2543,3.74,151003,64054245,1,1.0,-2.0,1.0,1.0,2583.73,0.0,0.0,0.0,0.0,0.0,0.0
2587.63,2588.14,2578.23,2575.32,5185239.66,2543,3.86,151004,64054559,1,1.0,-9.400000000000091,-1.0,-1.0,2580.04,0.0,0.0,0.0,0.0,0.0,0.0
2578.23,2590.51,2589.43,2576.28,3858526.68,2543,3.97,151004,64054902,2,2.0,11.199999999999818,-1.0,-1.0,2588.63,0.0,0.0,0.0,0.0,0.0,0.0
2589.43,2595.65,2585.94,2583.55,7116869.57,2543,3.89,151005,64055252,2,0.0,-3.4899999999997817,-1.0,-1.0,2586.47,0.0,0.0,0.0,0.0,0.0,0.0
2585.94,2588.53,2573.31,2564.8,11875620.05,2543,4.08,151005,64055625,1,1.0,-12.63000000000011,-1.0,-1.0,2588.71,0.0,0.0,0.0,0.0,0.0,0.0
2573.31,2591.69,2587.11,2569.58,7773104.57,2543,4.08,151006,64056083,2,2.0,13.800000000000182,-1.0,-1.0,2569.87,0.0,0.0,0.0,0.0,0.0,0.0
2587.11,2596.61,2594.08,2582.39,9811130.9,2543,4.12,151007,64056480,2,2.0,6.9699999999998,1.0,1.0,2569.68,2.0,0.0,1.0,0.0,0.0,0.0
2594.08,2613.21,2590.69,2588.95,26330597.37,2543,4.08,151008,64056871,2,2.0,-3.3899999999998727,1.0,1.0,2587.39,0.0,0.0,0.0,0.0,0.0,0.0
2590.69,2590.85,2583.73,2579.61,8506368.85,2543,4.16,151009,64057294,1,1.0,-6.960000000000036,1.0,1.0,2591.94,0.0,0.0,0.0,0.0,0.0,0.0
2583.73,2584.68,2580.04,2576.7,9876312.3,2543,3.99,151009,64057684,2,2.0,-3.6900000000000546,1.0,-1.0,2592.41,0.0,0.0,0.0,0.0,0.0,0.0
2580.04,2592.01,2588.63,2576.86,6906746.36,2543,3.99,151012,64058037,2,1.0,8.590000000000146,1.0,1.0,2586.91,0.0,0.0,0.0,0.0,0.0,0.0
2588.63,2593.52,2586.47,2585.42,5130924.7,2543,3.83,151012,64058424,1,1.0,-2.1600000000003092,-1.0,1.0,2585.91,0.0,0.0,0.0,0.0,0.0,0.0
2586.47,2593.45,2588.71,2585.56,4734327.76,2543,3.74,151013,64058780,2,2.0,2.2400000000002365,-1.0,-1.0,2588.26,0.0,0.0,0.0,0.0,0.0,0.0
2588.71,2591.51,2569.87,2569.74,14696794.94,2543,3.63,151015,64059143,1,1.0,-18.840000000000146,-1.0,-1.0,2582.35,0.0,0.0,0.0,0.0,0.0,0.0
2569.87,2574.88,2569.68,2561.71,12453041.07,2543,3.56,151015,64059490,2,2.0,-0.19000000000005457,-1.0,-1.0,2581.0,0.0,0.0,0.0,0.0,0.0,0.0
2569.68,2595.27,2587.39,2569.04,17119197.37,2543,3.47,151015,64059764,0,0.0,17.710000000000036,-1.0,-1.0,2578.6,0.0,0.0,0.0,0.0,0.0,0.0
2587.39,2601.69,2591.94,2586.72,8620591.94,2543,3.36,151016,64060022,0,0.0,4.550000000000182,-1.0,1.0,2589.05,2.0,0.0,1.0,0.0,0.0,0.0
2591.94,2596.04,2592.41,2589.17,8316833.11,2543,3.34,151016,64060227,2,2.0,0.4699999999997999,1.0,1.0,2572.93,0.0,0.0,0.0,0.0,0.0,0.0
2592.41,2596.44,2586.91,2585.87,6244854.85,2543,3.23,151016,64060468,2,1.0,-5.5,1.0,1.0,2542.07,0.0,0.0,0.0,0.0,0.0,0.0
2586.91,2589.99,2585.91,2585.89,3404336.29,2543,3.13,151016,64060686,2,2.0,-1.0,1.0,1.0,2557.49,0.0,0.0,0.0,0.0,0.0,0.0
2585.91,2588.96,2588.26,2581.05,4230693.56,2543,3.04,151017,64060912,2,2.0,2.350000000000364,1.0,1.0,2568.87,0.0,0.0,0.0,0.0,0.0,0.0
2588.26,2591.1,2582.35,2582.02,4805575.49,2543,2.94,151017,64061172,1,1.0,-5.910000000000309,-1.0,1.0,2580.64,0.0,0.0,0.0,0.0,0.0,0.0
2582.35,2584.07,2581.0,2576.38,6437359.43,2543,2.94,151018,64061522,2,2.0,-1.349999999999909,-1.0,-1.0,2584.75,0.0,0.0,0.0,0.0,0.0,0.0
2581.0,2581.25,2578.6,2570.75,6240468.18,2543,2.82,151020,64061876,2,2.0,-2.400000000000091,-1.0,-1.0,2578.93,0.0,0.0,0.0,0.0,0.0,0.0
2577.2,2590.22,2589.05,2580.86,9859829.86,2543,2.75,151022,64062249,2,2.0,11.850000000000364,-1.0,-1.0,2583.01,0.0,0.0,0.0,0.0,0.0,0.0
2589.16,2595.13,2572.93,2567.06,12624274.72,2543,2.68,151026,64062680,2,2.0,-16.230000000000018,-1.0,-1.0,2563.25,0.0,0.0,0.0,0.0,0.0,0.0
2572.93,2575.18,2542.07,2538.21,24728230.85,2543,2.66,151029,64063049,2,2.0,-30.859999999999673,-1.0,-1.0,2546.77,0.0,0.0,0.0,0.0,0.0,0.0
2542.07,2570.84,2557.49,2538.44,16480905.09,2543,2.7,151031,64063498,2,2.0,15.419999999999618,-1.0,-1.0,2560.29,0.0,0.0,0.0,0.0,0.0,0.0
2557.49,2572.18,2568.87,2556.93,13339136.93,2543,2.87,151033,64063986,0,0.0,11.38000000000011,-1.0,-1.0,2507.0,2.0,0.0,1.0,0.0,0.0,0.0
2568.87,2587.98,2580.64,2567.53,15369789.78,2543,2.99,151036,64064407,0,0.0,11.769999999999982,-1.0,-1.0,2516.83,0.0,0.0,0.0,0.0,0.0,0.0
2580.64,2586.11,2584.75,2570.93,8674483.23,2543,3.27,151038,64064828,2,2.0,4.110000000000127,1.0,1.0,2514.74,0.0,0.0,0.0,0.0,0.0,0.0
2584.75,2586.38,2578.93,2577.64,8259819.73,2543,3.26,151039,64065229,2,2.0,-5.820000000000164,1.0,1.0,2529.73,0.0,0.0,0.0,0.0,0.0,0.0
2578.93,2584.52,2583.01,2577.55,6938987.89,2543,3.43,151040,64065643,0,0.0,4.080000000000382,1.0,1.0,2525.57,0.0,0.0,0.0,0.0,0.0,0.0
2583.01,2584.4,2563.25,2563.02,9622392.79,2543,3.54,151040,64066049,2,1.0,-19.76000000000022,1.0,1.0,2535.61,0.0,0.0,0.0,0.0,0.0,0.0
2563.25,2563.35,2546.77,2546.19,12449191.32,2543,3.43,151042,64066463,2,2.0,-16.480000000000018,-1.0,-1.0,2571.12,0.0,0.0,0.0,0.0,0.0,0.0
2547.17,2560.29,2560.29,2546.73,22905624.9,2543,3.46,151044,64066987,2,2.0,13.11999999999989,-1.0,-1.0,2569.65,0.0,0.0,0.0,0.0,0.0,0.0
2560.8,2572.88,2507.0,2503.8,67658115.69,2543,3.47,151045,64067377,2,2.0,-53.80000000000018,-1.0,-1.0,2575.46,0.0,0.0,0.0,0.0,0.0,0.0
2507.0,2521.11,2516.83,2498.79,41017695.92,2543,3.52,151045,64067889,2,2.0,9.829999999999927,-1.0,-1.0,2588.98,0.0,0.0,0.0,0.0,0.0,0.0
2516.83,2522.32,2514.74,2503.88,26110940.4,2543,3.47,151046,64068319,0,0.0,-2.0900000000001455,-1.0,-1.0,2594.3,0.0,0.0,0.0,0.0,0.0,0.0
2514.74,2537.51,2529.73,2514.74,22896599.64,2543,3.61,151046,64068654,2,2.0,14.990000000000236,-1.0,-1.0,2597.28,0.0,0.0,0.0,0.0,0.0,0.0
2529.73,2533.71,2525.57,2524.66,9383408.84,2543,3.32,151046,64068950,0,0.0,-4.1599999999998545,-1.0,-1.0,2593.13,0.0,0.0,0.0,0.0,0.0,0.0
2525.57,2535.65,2535.61,2519.61,7922713.78,2543,3.37,151046,64069211,2,0.0,10.039999999999964,-1.0,-1.0,2581.18,0.0,0.0,0.0,0.0,0.0,0.0
2535.61,2595.24,2571.12,2533.04,43318583.1,2543,3.37,151047,64069446,0,0.0,35.50999999999976,1.0,1.0,2573.5,2.0,0.0,1.0,0.0,0.0,0.0
2571.12,2581.54,2569.65,2566.14,10604335.77,2543,3.45,151047,64069795,2,2.0,-1.4699999999998,1.0,1.0,2575.03,0.0,0.0,0.0,0.0,0.0,0.0
2569.65,2582.16,2575.46,2567.0,26132567.16,2543,3.45,151048,64070164,2,2.0,5.809999999999945,1.0,1.0,2585.48,0.0,0.0,0.0,0.0,0.0,0.0
2575.46,2591.88,2588.98,2574.0,18788165.4,2543,3.45,151051,64070550,2,2.0,13.519999999999982,1.0,1.0,2571.98,0.0,0.0,0.0,0.0,0.0,0.0
2588.98,2603.32,2594.3,2585.21,15674810.54,2543,4.21,151051,64071007,2,2.0,5.320000000000164,1.0,1.0,2561.56,0.0,0.0,0.0,0.0,0.0,0.0
2594.3,2608.14,2597.28,2587.7,16085654.65,2543,4.21,151055,64071504,2,2.0,2.980000000000018,1.0,1.0,2538.65,0.0,0.0,0.0,0.0,0.0,0.0
2597.28,2598.66,2593.13,2584.33,12852232.69,2543,4.71,151056,64072031,1,1.0,-4.150000000000091,1.0,1.0,2527.81,0.0,0.0,0.0,1.0,1.0,0.0
2593.13,2594.14,2581.18,2577.61,12076374.51,2543,4.52,151059,64072495,2,2.0,-11.950000000000273,1.0,1.0,2533.93,0.0,0.0,0.0,0.0,0.0,0.0
2581.18,2583.5,2573.5,2567.83,15973136.86,2543,4.38,151060,64072951,2,2.0,-7.679999999999836,-1.0,1.0,2526.08,0.0,0.0,0.0,0.0,0.0,0.0
2573.5,2580.68,2575.03,2559.25,27166758.34,2543,4.37,151062,64073459,2,2.0,1.5300000000002,-1.0,-1.0,2540.72,0.0,0.0,0.0,0.0,0.0,0.0
2575.03,2592.29,2585.48,2572.45,32023819.11,2543,4.31,151066,64074007,2,2.0,10.449999999999818,-1.0,-1.0,2571.11,0.0,0.0,0.0,0.0,0.0,0.0
2585.48,2592.2,2571.98,2568.77,19849316.59,2543,4.58,151068,64074585,2,2.0,-13.5,-1.0,-1.0,2591.45,0.0,0.0,0.0,0.0,0.0,0.0
2571.98,2580.66,2561.56,2561.51,19549645.16,2543,4.71,151072,64075140,2,2.0,-10.420000000000073,-1.0,-1.0,2587.07,0.0,0.0,0.0,0.0,0.0,0.0
2561.56,2561.56,2538.65,2535.16,28214536.66,2543,4.68,151074,64075675,2,2.0,-22.909999999999854,-1.0,-1.0,2544.56,0.0,0.0,0.0,0.0,0.0,0.0
2538.65,2539.66,2527.81,2518.2,45662833.84,2543,4.63,151075,64076215,2,2.0,-10.840000000000146,-1.0,-1.0,2563.71,0.0,0.0,0.0,0.0,0.0,0.0
2527.81,2537.91,2533.93,2524.85,34044346.48,2543,4.6,151076,64076750,2,2.0,6.119999999999891,-1.0,-1.0,2544.97,0.0,0.0,0.0,0.0,0.0,0.0
2533.93,2545.02,2526.08,2523.29,17277775.46,2543,4.4,151078,64077236,0,0.0,-7.849999999999909,-1.0,-1.0,2547.75,0.0,0.0,0.0,0.0,0.0,0.0
2526.08,2542.05,2540.72,2524.7,15959122.98,2543,4.43,151077,64077714,2,2.0,14.639999999999873,-1.0,-1.0,2550.3,0.0,0.0,0.0,0.0,0.0,0.0
2540.72,2588.06,2571.11,2538.77,52684428.25,2543,4.63,151078,64078149,0,0.0,30.390000000000327,1.0,-1.0,2545.2,2.0,0.0,1.0,0.0,0.0,0.0
2571.11,2595.19,2591.45,2570.09,39904861.58,2543,4.63,151080,64078682,0,0.0,20.33999999999969,1.0,1.0,2531.27,0.0,0.0,0.0,0.0,0.0,0.0
2591.45,2597.76,2587.07,2577.38,40404386.57,2543,4.63,151080,64079153,2,2.0,-4.379999999999654,1.0,1.0,2518.22,0.0,0.0,0.0,0.0,0.0,0.0
2587.07,2589.52,2544.56,2540.26,45216559.06,2543,4.34,151081,64079469,1,1.0,-42.51000000000022,1.0,1.0,2529.92,0.0,0.0,0.0,0.0,0.0,0.0
2544.56,2570.87,2563.71,2543.5,22953035.86,2543,4.23,151081,64079830,2,2.0,19.15000000000009,1.0,1.0,2536.23,0.0,0.0,0.0,0.0,0.0,0.0
2563.71,2565.56,2544.97,2539.92,18701951.7,2543,4.32,151081,64080084,2,2.0,-18.740000000000236,-1.0,1.0,2536.26,0.0,0.0,0.0,0.0,0.0,0.0
2544.97,2552.65,2547.75,2541.83,9435182.15,2543,4.17,151081,64080335,2,2.0,2.7800000000002,-1.0,-1.0,2550.25,0.0,0.0,0.0,0.0,0.0,0.0
2547.75,2552.06,2550.3,2543.31,12952496.5,2543,4.32,151081,64080572,2,2.0,2.550000000000182,-1.0,-1.0,2535.05,0.0,0.0,0.0,0.0,0.0,0.0
2550.3,2562.75,2545.2,2544.92,10742301.04,2543,4.38,151081,64080860,2,2.0,-5.100000000000364,-1.0,-1.0,2560.09,0.0,0.0,0.0,0.0,0.0,0.0
2545.2,2545.22,2531.27,2514.83,30001465.72,2543,4.49,151082,64081222,2,2.0,-13.929999999999836,-1.0,-1.0,2578.97,0.0,0.0,0.0,0.0,0.0,0.0
2531.27,2535.52,2518.22,2516.7,15714309.38,2543,4.18,151084,64081695,2,2.0,-13.050000000000182,-1.0,-1.0,2605.23,0.0,0.0,0.0,0.0,0.0,0.0
2518.22,2534.97,2529.92,2512.0,18324170.97,2543,4.12,151085,64082143,2,2.0,11.700000000000273,-1.0,-1.0,2598.25,0.0,0.0,0.0,0.0,0.0,0.0
2529.92,2536.73,2536.23,2528.75,9016016.69,2543,4.17,151085,64082601,2,0.0,6.309999999999945,-1.0,-1.0,2618.49,1.0,1.0,0.0,0.0,0.0,0.0
2536.23,2545.01,2536.26,2531.4,11970478.19,2543,3.94,151086,64083050,2,2.0,0.03000000000020009,-1.0,-1.0,2658.43,0.0,0.0,0.0,0.0,0.0,0.0
2536.26,2550.41,2550.25,2532.61,14738464.54,2543,3.93,151089,64083498,2,2.0,13.989999999999782,1.0,-1.0,2626.19,0.0,0.0,0.0,0.0,0.0,0.0
2550.25,2550.63,2535.05,2523.57,24879146.49,2543,4.11,151090,64083980,2,2.0,-15.199999999999818,1.0,1.0,2633.84,0.0,0.0,0.0,0.0,0.0,0.0
2535.05,2565.55,2560.09,2533.46,30969194.59,2543,4.16,151090,64084465,2,2.0,25.039999999999964,1.0,1.0,2624.75,0.0,0.0,0.0,0.0,0.0,0.0
2560.09,2591.08,2578.97,2558.39,42174117.77,2543,4.01,151092,64084983,0,0.0,18.879999999999654,1.0,1.0,2619.61,0.0,0.0,0.0,0.0,0.0,0.0
2578.97,2611.81,2605.23,2572.03,69488427.32,2543,4.08,151097,64085508,2,2.0,26.26000000000022,1.0,1.0,2612.28,0.0,0.0,0.0,0.0,0.0,0.0
2605.23,2607.31,2598.25,2586.18,29066891.03,2543,4.03,151101,64086013,2,2.0,-6.980000000000018,1.0,1.0,2645.39,0.0,0.0,0.0,0.0,0.0,0.0
2598.25,2619.76,2618.49,2596.21,55687360.62,2543,4.03,151103,64086524,2,2.0,20.23999999999978,1.0,1.0,2691.65,0.0,0.0,0.0,0.0,0.0,0.0
2618.49,2660.42,2658.43,2618.16,89954796.78,2543,4.03,151104,64087058,2,2.0,39.940000000000055,1.0,1.0,2622.97,0.0,0.0,0.0,0.0,0.0,0.0
2658.43,2668.8,2626.19,2624.04,56932197.65,2543,3.79,151104,64087777,2,2.0,-32.23999999999978,1.0,1.0,2620.67,0.0,0.0,0.0,0.0,0.0,0.0
2626.19,2634.71,2633.84,2610.87,35705979.74,2543,3.76,151105,64088317,1,1.0,7.650000000000091,1.0,1.0,2629.73,0.0,0.0,0.0,0.0,0.0,0.0
2633.84,2642.74,2624.75,2621.3,17240823.23,2543,3.69,151107,64088808,2,2.0,-9.090000000000146,1.0,1.0,2643.07,0.0,0.0,0.0,0.0,0.0,0.0
2624.75,2631.44,2619.61,2618.16,17223522.56,2543,3.69,151076,64089252,2,2.0,-5.139999999999873,1.0,1.0,,0.0,0.0,0.0,0.0,0.0,0.0
2619.61,2628.6,2612.28,2607.23,20799518.84,2543,3.7,151076,64089606,2,1.0,-7.329999999999927,-1.0,1.0,,0.0,0.0,0.0,0.0,0.0,0.0
2612.28,2648.27,2645.39,2610.03,24573001.55,2543,3.7,151076,64089880,2,2.0,33.10999999999967,-1.0,-1.0,,0.0,0.0,0.0,0.0,0.0,0.0
2645.39,2710.03,2691.65,2642.77,111374283.16,2543,3.73,151076,64090139,0,0.0,46.26000000000022,1.0,1.0,,0.0,0.0,0.0,0.0,0.0,0.0
2691.65,2692.9,2622.97,2615.72,94723757.6,2543,4.39,151077,64090693,1,1.0,-68.68000000000029,1.0,1.0,,0.0,0.0,0.0,0.0,0.0,0.0
2622.97,2629.56,2620.67,2609.92,13849257.84,2543,4.49,151078,64091157,2,2.0,-2.299999999999727,1.0,1.0,,0.0,0.0,0.0,0.0,0.0,0.0
2621.12,2640.75,2629.73,2627.37,14766376.81,2543,4.3,151078,64091522,2,0.0,8.610000000000127,1.0,1.0,,0.0,0.0,0.0,0.0,0.0,0.0
2628.36,2645.62,2643.07,2628.36,20877410.51,2543,4.12,151080,64091922,2,0.0,14.710000000000036,-1.0,1.0,,0.0,0.0,0.0,0.0,0.0,0.0
