time,open,high,close,low,volumeto,reddit_active_users,reddit_posts_per_hour,posts,total_page_views,predict
2022-03-13 02:00:00,86.71,88.09,87.67,86.7,2239622.66,2543,3.36,151016,64060022,
2022-03-13 03:00:00,87.63,88.47,87.96,87.65,3395565.45,2543,3.34,151016,64060227,
2022-03-13 04:00:00,87.96,88.13,87.15,87.15,3571598.75,2543,3.23,151016,64060468,
2022-03-13 05:00:00,87.15,87.77,87.45,87.14,1420567.61,2543,3.13,151016,64060686,
2022-03-13 06:00:00,87.45,87.75,87.55,87.16,2709020.11,2543,3.04,151017,64060912,
2022-03-13 07:00:00,87.55,87.59,87.43,87.2,3108274.99,2543,2.94,151017,64061172,
2022-03-13 08:00:00,87.43,87.46,87.42,87.22,2095029.38,2543,2.94,151018,64061522,
2022-03-13 09:00:00,87.42,87.19,86.65,86.3,2329240.97,2543,2.82,151020,64061876,
2022-03-13 10:00:00,86.65,87.39,87.16,86.77,2323263.63,2543,2.75,151022,64062249,
2022-03-13 11:00:00,87.16,87.18,87.06,86.64,2001398.01,2543,2.68,151026,64062680,0.0
2022-03-13 12:00:00,87.06,87.1,87.1,86.41,2753448.97,2543,2.66,151029,64063049,0.0
2022-03-13 13:00:00,87.1,89.31,88.69,87.41,6842665.46,2543,2.7,151031,64063498,0.0
2022-03-13 14:00:00,88.72,91.3,90.99,88.63,2379032.32,2543,2.87,151033,64063986,2.0
2022-03-13 15:00:00,91.04,92.5,91.06,91.02,10226501.74,2543,2.99,151036,64064407,2.0
2022-03-13 16:00:00,91.06,91.49,90.63,90.44,8432168.24,2543,3.27,151038,64064828,1.0
2022-03-13 17:00:00,90.63,90.77,90.69,90.34,3229087.66,2543,3.26,151039,64065229,2.0
2022-03-13 18:00:00,90.69,90.8,89.31,89.31,4115909.78,2543,3.43,151040,64065643,2.0
2022-03-13 19:00:00,89.41,90.04,88.97,88.92,2426780.56,2543,3.54,151040,64066049,2.0
2022-03-13 20:00:00,88.96,89.1,88.75,88.44,2752589.04,2543,3.43,151042,64066463,1.0
2022-03-13 21:00:00,88.75,88.91,88.44,88.36,2727282.54,2543,3.46,151044,64066987,1.0
2022-03-13 22:00:00,88.44,86.56,86.45,85.57,7367654.41,2543,3.47,151045,64067377,2.0
2022-03-13 23:00:00,86.45,87.65,87.5,86.1,5938221.08,2543,3.52,151045,64067889,2.0
2022-03-14 00:00:00,87.5,87.92,87.43,87.08,5323251.47,2543,3.47,151046,64068319,0.0
2022-03-14 01:00:00,87.43,88.45,88.41,87.72,2989759.14,2543,3.61,151046,64068654,2.0
2022-03-14 02:00:00,88.41,89.86,89.02,88.37,3928585.95,2543,3.32,151046,64068950,0.0
2022-03-14 03:00:00,89.02,90.15,89.92,88.89,3210350.39,2543,3.37,151046,64069211,2.0
2022-03-14 04:00:00,89.92,91.14,90.14,89.99,5292868.51,2543,3.37,151047,64069446,0.0
2022-03-14 05:00:00,90.14,90.29,89.67,89.63,2703521.99,2543,3.45,151047,64069795,1.0
2022-03-14 06:00:00,89.67,90.8,90.26,89.76,3684950.59,2543,3.45,151048,64070164,2.0
2022-03-14 07:00:00,90.26,91.43,90.84,90.37,4462975.07,2543,3.45,151051,64070550,2.0
2022-03-14 08:00:00,90.84,92.36,92.2,90.75,6483407.92,2543,4.21,151051,64071007,2.0
2022-03-14 09:00:00,92.2,94.34,93.59,92.22,9994135.19,2543,4.21,151055,64071504,1.0
2022-03-14 10:00:00,93.59,94.56,93.42,93.31,6780009.23,2543,4.71,151056,64072031,1.0
2022-03-14 11:00:00,93.42,93.51,92.93,92.46,5269557.2,2543,4.52,151059,64072495,1.0
2022-03-14 12:00:00,92.93,93.1,92.71,91.89,6094708.69,2543,4.38,151060,64072951,2.0
2022-03-14 13:00:00,92.71,94.0,93.06,92.67,7241634.35,2543,4.37,151062,64073459,2.0
2022-03-14 14:00:00,93.06,93.9,92.76,92.65,7279130.92,2543,4.31,151066,64074007,1.0
2022-03-14 15:00:00,92.76,93.01,91.92,91.49,7631607.14,2543,4.58,151068,64074585,1.0
2022-03-14 16:00:00,91.92,92.1,91.01,90.86,7699481.65,2543,4.71,151072,64075140,2.0
2022-03-14 17:00:00,91.01,91.27,90.73,90.46,6933585.35,2543,4.68,151074,64075675,2.0
2022-03-14 18:00:00,90.73,90.9,90.83,90.21,6822796.82,2543,4.63,151075,64076215,0.0
2022-03-14 19:00:00,90.83,91.49,91.14,90.76,8174455.01,2543,4.6,151076,64076750,0.0
2022-03-14 20:00:00,91.14,91.53,90.36,90.29,5753967.66,2543,4.4,151078,64077236,0.0
2022-03-14 21:00:00,90.36,91.73,91.23,90.18,5249059.82,2543,4.43,151077,64077714,0.0
2022-03-14 22:00:00,91.23,94.03,93.2,92.57,9391425.39,2543,4.63,151078,64078149,0.0
2022-03-14 23:00:00,93.2,94.83,94.83,93.6,7762169.2,2543,4.63,151080,64078682,0.0
2022-03-15 00:00:00,94.83,95.13,94.93,94.1,8548882.35,2543,4.63,151080,64079153,2.0
2022-03-15 01:00:00,94.93,93.92,93.69,92.8,5360406.59,2543,4.34,151081,64079469,1.0
2022-03-15 02:00:00,93.69,94.59,94.12,93.93,2637904.12,2543,4.23,151081,64079830,2.0
2022-03-15 03:00:00,94.12,93.6,93.1,92.79,3055321.98,2543,4.32,151081,64080084,1.0
2022-03-15 04:00:00,93.1,93.52,93.09,92.86,1464435.74,2543,4.17,151081,64080335,1.0
2022-03-15 05:00:00,93.09,93.08,92.8,92.57,2454509.32,2543,4.32,151081,64080572,2.0
2022-03-15 06:00:00,92.8,93.63,93.2,92.66,2832011.05,2543,4.38,151081,64080860,2.0
2022-03-15 07:00:00,93.2,92.49,91.46,91.19,4704185.18,2543,4.49,151082,64081222,0.0
2022-03-15 08:00:00,91.46,91.46,90.3,90.27,4608562.9,2543,4.18,151084,64081695,0.0
2022-03-15 09:00:00,90.3,91.07,90.45,90.3,3675460.46,2543,4.12,151085,64082143,0.0
2022-03-15 10:00:00,90.45,91.21,90.63,90.43,2910180.63,2543,4.17,151085,64082601,0.0
2022-03-15 11:00:00,90.63,91.59,91.36,90.39,3437772.54,2543,3.94,151086,64083050,0.0
2022-03-15 12:00:00,91.36,91.94,91.01,90.97,7730318.68,2543,3.93,151089,64083498,0.0
2022-03-15 13:00:00,91.01,90.73,89.92,89.3,8520777.76,2543,4.11,151090,64083980,0.0
2022-03-15 14:00:00,89.92,91.49,91.21,90.78,4606698.83,2543,4.16,151090,64084465,0.0
2022-03-15 15:00:00,91.21,92.01,91.46,91.15,4462635.13,2543,4.01,151092,64084983,0.0
2022-03-15 16:00:00,91.46,91.98,91.27,91.27,4318255.64,2543,4.08,151097,64085508,0.0
2022-03-15 17:00:00,91.27,91.6,90.97,90.77,4583699.49,2543,4.03,151101,64086013,1.0
2022-03-15 18:00:00,90.97,91.43,91.23,90.8,4894539.23,2543,4.03,151103,64086524,2.0
2022-03-15 19:00:00,91.23,92.18,90.12,89.76,11116941.19,2543,4.03,151104,64087058,1.0
2022-03-15 20:00:00,90.12,89.47,88.84,88.52,7090265.82,2543,3.79,151104,64087777,2.0
2022-03-15 21:00:00,88.84,89.66,89.14,89.06,3133942.97,2543,3.76,151105,64088317,0.0
2022-03-15 22:00:00,89.14,88.87,88.56,88.04,3764397.43,2543,3.69,151107,64088808,2.0
2022-03-15 23:00:00,88.56,89.28,88.58,88.1,4760761.62,2543,3.69,151076,64089252,2.0
2022-03-16 00:00:00,88.58,88.76,87.23,86.99,6830882.36,2543,3.7,151076,64089606,2.0
2022-03-16 01:00:00,87.23,88.43,88.2,87.84,5829973.58,2543,3.7,151076,64089880,2.0
2022-03-16 02:00:00,88.12,90.65,89.35,88.09,2346647.19,2543,3.73,151076,64090139,0.0
